{"fetched_at":"2026-02-21T15:06:43+00:00","data":{"version":0.6,"generator":"Overpass API 0.7.62.10 2d4cfc48","osm3s":{"timestamp_osm_base":"2026-02-21T15:05:31Z","copyright":"The data included in this document is from www.openstreetmap.org. The data is made available under ODbL."},"elements":[{"type":"node","id":3995343800,"lat":6.7282992,"lon":2.7794707,"tags":{"amenity":"hospital","description":"m\u00e9decin dipl\u00f4mes facult\u00e9 m\u00e9decin parakou","name":"M\u00c9DICAL ILE OLA"}},{"type":"node","id":3995347253,"lat":6.646518,"lon":2.7440626,"tags":{"amenity":"hospital","healthcare":"hospital","name":"CLINIQUE FIFATIN"}},{"type":"node","id":3995348029,"lat":6.6962517,"lon":2.7765953,"tags":{"amenity":"hospital","healthcare":"hospital","name":"ITA SIMBA"}},{"type":"node","id":4248396090,"lat":6.6860919,"lon":3.2477681,"tags":{"amenity":"hospital","name":"Gramath Medical Center"}},{"type":"node","id":4872475575,"lat":6.5929713,"lon":3.3974544,"tags":{"amenity":"hospital","fixme":"check location","name":"Rojafia Clinic"}},{"type":"node","id":7334681885,"lat":6.5906253,"lon":3.2283304,"tags":{"addr:street":"Balogun Crescent","amenity":"hospital","name":"Balogun Primary Healthcare Center."}},{"type":"node","id":8813093194,"lat":6.4627777,"lon":3.5852178,"tags":{"amenity":"hospital","name":"Eti-Osa"}},{"type":"node","id":10232587966,"lat":6.5760257,"lon":3.3869161,"tags":{"addr:city":"Ogudu","addr:housenumber":"13b","addr:postcode":"100231","addr:street":"Muri Folami Street","amenity":"hospital","healthcare":"hospital","healthcare:speciality":"gynaecology;blood_check;fertility","name":"Pink Clinic Nigeria","name:pcm":"PinkClinic","operator":"Linda Keku","operator:type":"private"}},{"type":"node","id":10980481851,"lat":6.4809833,"lon":2.7087503,"tags":{"amenity":"hospital","name":"Centre de sant\u00e9 de tchakou"}},{"type":"node","id":11121934213,"lat":6.4731522,"lon":3.6295577,"tags":{"amenity":"hospital","healthcare":"hospital","mobile":"+2348077509043","name":"Safeway hospital"}},{"type":"node","id":11121934221,"lat":6.4736067,"lon":3.6309711,"tags":{"amenity":"hospital","healthcare":"hospital","mobile":"+2349033365818","name":"Caremax Hospital"}},{"type":"node","id":11121946405,"lat":6.4722606,"lon":3.6325043,"tags":{"amenity":"hospital","healthcare":"hospital","name":"Sangotedo Primary Health Care Center"}},{"type":"node","id":11879397885,"lat":6.5657924,"lon":3.3722595,"tags":{"addr:city":"Anthony Village","addr:housenumber":"13","addr:postcode":"100232","addr:street":"Okunfolami Street","amenity":"hospital","contact:facebook":"www.facebook.com\/tentwellness","description":"The Tent Wellness Centre (TTWC) is a Natural Medicine centre with a mission to promote, preserve and restore health of our clients by providing patient focused treatment protocols based on natural remedies in line with global best practices and standards.","email":"tentwellnesscentre@gmail.com","emergency":"no","healthcare":"alternative","healthcare:speciality":"chiropractic;acupuncture;traditional_chinese_medicine;aromatherapy;fertility;herbalism;naturopathy;unani;body","mobile":"+2349130002226","name":"The Tent Wellness Centre","opening_hours":"Mo-Sa 09:00-18:00","operator":"DTIM Al-Ameen-Lawal","operator:type":"private","payment:cash":"yes","payment:debit_cards":"yes","phone":"+2349130002226","source":"local knowledge","website":"https:\/\/www.tentwellness.com\/"}},{"type":"node","id":11886853246,"lat":6.5059412,"lon":3.1702262,"tags":{"amenity":"hospital","name":"Grace Olambipo Clinic","operator":"private"}},{"type":"node","id":11886853247,"lat":6.5023249,"lon":3.1716183,"tags":{"amenity":"hospital","name":"Isashi Primary Health Care Center","operator":"private"}},{"type":"node","id":11886853248,"lat":6.4997452,"lon":3.170768,"tags":{"amenity":"hospital","name":"Lagos State Ministry Of Health Belinda Convalscent And Fertility Centre","operator":"government"}},{"type":"node","id":11886853249,"lat":6.4955932,"lon":3.1718919,"tags":{"amenity":"hospital","name":"Pioneer Medical Clinic","operator":"private"}},{"type":"node","id":11886853250,"lat":6.4955066,"lon":3.1717899,"tags":{"amenity":"hospital","name":"Leverage Hospital Specialist Clinic","operator":"private"}},{"type":"node","id":11886853251,"lat":6.496422,"lon":3.1711113,"tags":{"amenity":"hospital","name":"Tower Of Glory Hospital","operator":"private"}},{"type":"node","id":11886853252,"lat":6.4922566,"lon":3.1740108,"tags":{"amenity":"hospital","name":"Noble Medical Digonistic Centre","operator":"private"}},{"type":"node","id":11886853253,"lat":6.4902392,"lon":3.1999826,"tags":{"amenity":"hospital","name":"Grace Land Medical Center","operator":"private"}},{"type":"node","id":11886853254,"lat":6.4927656,"lon":3.2000443,"tags":{"amenity":"hospital","name":"Pa Clement Ogunsusi","operator":"private"}},{"type":"node","id":11886853255,"lat":6.5029858,"lon":3.2065956,"tags":{"amenity":"hospital","name":"Adis Bunm Trado Medical Hospital And Maternity Home 14 Nnaema Uzor Street Off Summit Light Road","operator":"private"}},{"type":"node","id":11886853256,"lat":6.5004514,"lon":3.2067874,"tags":{"amenity":"hospital","name":"Ndieze Homeopathic Medical Services 20 Drchiwumba Off Summit Light Road","operator":"private"}},{"type":"node","id":11886853257,"lat":6.5023249,"lon":3.198207,"tags":{"amenity":"hospital","name":"Wisdom Hospital And Maternity","operator":"private"}},{"type":"node","id":11886853258,"lat":6.4971682,"lon":3.1964502,"tags":{"amenity":"hospital","name":"Betheland Hospital","operator":"private"}},{"type":"node","id":11886996045,"lat":6.4944299,"lon":3.1438789,"tags":{"amenity":"hospital","name":"Ademola Medical Center","operator":"private"}},{"type":"node","id":11886996046,"lat":6.4943833,"lon":3.125436,"tags":{"amenity":"hospital","name":"Hyssop Eye Clinic","operator":"private"}},{"type":"node","id":11886996047,"lat":6.4961688,"lon":3.1253126,"tags":{"amenity":"hospital","name":"Ore Ofe Hospital Ijanikin","operator":"private"}},{"type":"node","id":11886996048,"lat":6.4943433,"lon":3.1184435,"tags":{"amenity":"hospital","name":"Femola Hospital","operator":"private"}},{"type":"node","id":11886996049,"lat":6.497404,"lon":3.1186245,"tags":{"amenity":"hospital","name":"Ijanikin Primary Health Care Center By Ile Oba Bstop Lagos Badagry Express Road","operator":"private"}},{"type":"node","id":11886996050,"lat":6.4937197,"lon":3.1415319,"tags":{"amenity":"hospital","name":"Angelic Care Foundation Maternity","operator":"private"}},{"type":"node","id":11886996051,"lat":6.4949056,"lon":3.139472,"tags":{"amenity":"hospital","name":"Ever Life Hospital","operator":"private"}},{"type":"node","id":11887050496,"lat":6.4769146,"lon":3.1240956,"tags":{"amenity":"hospital","name":"Era Primary Health Care Center","operator":"private"}},{"type":"node","id":11887050497,"lat":6.4769579,"lon":3.1232701,"tags":{"amenity":"hospital","name":"Oriowo Maternity Home","operator":"private"}},{"type":"node","id":11887050498,"lat":6.4607312,"lon":3.1053704,"tags":{"amenity":"hospital","name":"Goodness Medical Center","operator":"private"}},{"type":"node","id":11887050499,"lat":6.4666106,"lon":3.1150451,"tags":{"amenity":"hospital","name":"Imude Primary Health Care Center","operator:type":"public"}},{"type":"node","id":11887050500,"lat":6.4768459,"lon":3.158218,"tags":{"amenity":"hospital","name":"Angelic Care Health Center 124 Adaloko Road By Pako Bstop","operator":"private"}},{"type":"node","id":11887050501,"lat":6.4766967,"lon":3.1423406,"tags":{"amenity":"hospital","name":"Devital Care Hospital","operator":"private"}},{"type":"node","id":11887050502,"lat":6.4884476,"lon":3.1539707,"tags":{"amenity":"hospital","name":"Denow Ayetoro Medical Center","operator":"private"}},{"type":"node","id":11887050503,"lat":6.4869359,"lon":3.1532773,"tags":{"amenity":"hospital","name":"Ketu Medical Clinic","operator":"private"}},{"type":"node","id":11887082163,"lat":6.4042557,"lon":3.0292305,"tags":{"amenity":"hospital","name":"Primary Health Building Dadiluwi Ilaje Riverine","operator:type":"public"}},{"type":"node","id":11887087044,"lat":6.4078114,"lon":3.0736023,"tags":{"amenity":"hospital","name":"Taffi Awori Primary Health Centre","operator:type":"public"}},{"type":"node","id":11887482478,"lat":6.4730095,"lon":3.1512415,"tags":{"amenity":"hospital","name":"Alhayat Hospital 2ekuweme Street Off Ogo Oluwa Street By Green And White Bus Stop","operator":"private"}},{"type":"node","id":11887482479,"lat":6.4700726,"lon":3.1429884,"tags":{"amenity":"hospital","name":"God Cures Hospital","operator":"private"}},{"type":"node","id":11887512842,"lat":6.4601775,"lon":3.140227,"tags":{"amenity":"hospital","name":"Healing Land Hospital And Maternity","operator":"private"}},{"type":"node","id":11887512843,"lat":6.4670343,"lon":3.1412986,"tags":{"amenity":"hospital","name":"Ejiwunmi Tradomedical","operator":"private"}},{"type":"node","id":11887512844,"lat":6.4610151,"lon":3.1443389,"tags":{"amenity":"hospital","name":"Goodness Medical Services","operator":"private"}},{"type":"node","id":11887512845,"lat":6.461792,"lon":3.1442732,"tags":{"amenity":"hospital","name":"Shibiri Primary Health Centre","operator:type":"public"}},{"type":"node","id":11887512846,"lat":6.4658497,"lon":3.1529447,"tags":{"amenity":"hospital","name":"Olutayo Nursing Home","operator":"private"}},{"type":"node","id":11887512847,"lat":6.4648342,"lon":3.1534101,"tags":{"amenity":"hospital","name":"Illogbo Central Hospital Illogboope","operator":"private"}},{"type":"node","id":11887512848,"lat":6.4616534,"lon":3.1538205,"tags":{"amenity":"hospital","name":"Muskat Hospital9 Abbi Street By Rasaq Bstop Off Bishiri Ajangbadi Ojo","operator":"private"}},{"type":"node","id":11887518928,"lat":6.4593733,"lon":3.1405167,"tags":{"amenity":"hospital","name":"Vineyard Convalescent Hospital","operator":"private"}},{"type":"node","id":11887518929,"lat":6.457593,"lon":3.1535174,"tags":{"amenity":"hospital","name":"Edo Convalescent Homeclinic And Easy Delivery","operator":"private"}},{"type":"node","id":11887518930,"lat":6.4534686,"lon":3.1439942,"tags":{"amenity":"hospital","name":"Munidola Maternity Center","operator":"private"}},{"type":"node","id":11887518931,"lat":6.4547106,"lon":3.1392762,"tags":{"amenity":"hospital","name":"Grace Mobolaji Maternity","operator":"private"}},{"type":"node","id":11887518933,"lat":6.4584845,"lon":3.131361,"tags":{"amenity":"hospital","name":"Summy Indeel Laboratary","operator":"private"}},{"type":"node","id":11887555938,"lat":6.4603501,"lon":3.1401533,"tags":{"amenity":"hospital","name":"Healing Land Hospital And Maternity","operator":"private"}},{"type":"node","id":11888950304,"lat":6.443889,"lon":3.1465262,"tags":{"amenity":"hospital","name":"Primary Health Center Ese Ofin Riverine","operator:type":"public"}},{"type":"node","id":11888969820,"lat":6.4181773,"lon":3.1449088,"tags":{"amenity":"hospital","name":"Irewe Primary Care Health Center Osulu Kingdom","operator:type":"public"}},{"type":"node","id":11889023436,"lat":6.4870651,"lon":3.1653258,"tags":{"amenity":"hospital","name":"Chidove Homoeopathic Medical Center","operator":"private"}},{"type":"node","id":11889023437,"lat":6.4864475,"lon":3.1736923,"tags":{"amenity":"hospital","name":"Mainframe Hospital And Maternity Centre","operator":"private"}},{"type":"node","id":11889023438,"lat":6.4780452,"lon":3.1587236,"tags":{"amenity":"hospital","name":"Divine Favour Maternity Center Adoloko","operator":"private"}},{"type":"node","id":11889023439,"lat":6.476177,"lon":3.1628032,"tags":{"amenity":"hospital","name":"Emmanuel Power Hospital","operator":"private"}},{"type":"node","id":11889023440,"lat":6.4711933,"lon":3.1783828,"tags":{"amenity":"hospital","name":"Abodunrin Medical Center","operator":"private"}},{"type":"node","id":11889023441,"lat":6.4709387,"lon":3.1616921,"tags":{"amenity":"hospital","name":"Redeem Medical Center Annex","operator":"private"}},{"type":"node","id":11889023442,"lat":6.4581407,"lon":3.1593271,"tags":{"amenity":"hospital","name":"Conner Stone Medical Center","operator":"private"}},{"type":"node","id":11889023443,"lat":6.46757,"lon":3.1800444,"tags":{"amenity":"hospital","name":"Okoko Central Hospital Jakande New Site","operator":"private"}},{"type":"node","id":11889023444,"lat":6.4647236,"lon":3.1720206,"tags":{"amenity":"hospital","name":"Dikue Medical Centre","operator":"private"}},{"type":"node","id":11889023445,"lat":6.4621438,"lon":3.1728575,"tags":{"amenity":"hospital","name":"Sabo Crown Hospital","operator":"private"}},{"type":"node","id":11889023446,"lat":6.4617147,"lon":3.1753948,"tags":{"amenity":"hospital","name":"Garden Hospital Sabo Oniba Town","operator":"private"}},{"type":"node","id":11889023447,"lat":6.458735,"lon":3.1770015,"tags":{"amenity":"hospital","name":"Deelshaddai Health Canter Home","operator":"private"}},{"type":"node","id":11889046391,"lat":6.4515789,"lon":3.1627616,"tags":{"amenity":"hospital","name":"Igbede Primary Health Center Igbede Bstop Ojo Igbede","operator":"private"}},{"type":"node","id":11889139972,"lat":6.4648835,"lon":3.1889132,"tags":{"amenity":"hospital","name":"Blessed Mary Natural Clinic And Maternity","operator":"private"}},{"type":"node","id":11889139973,"lat":6.4665519,"lon":3.181698,"tags":{"amenity":"hospital","name":"Redeemed Medical Center","operator":"private"}},{"type":"node","id":11889139974,"lat":6.4669943,"lon":3.1853673,"tags":{"amenity":"hospital","name":"Ifeoluwa Maternity Home","operator":"private"}},{"type":"node","id":11889139975,"lat":6.4659549,"lon":3.1831571,"tags":{"amenity":"hospital","name":"Kena Hospital","operator":"private"}},{"type":"node","id":11889139976,"lat":6.4671796,"lon":3.1872247,"tags":{"amenity":"hospital","name":"Kemberi Primary Health Center","operator":"private"}},{"type":"node","id":11889139977,"lat":6.4702271,"lon":3.1949793,"tags":{"amenity":"hospital","name":"Kiladejo Hospital","operator":"private"}},{"type":"node","id":11889139978,"lat":6.4707042,"lon":3.1910831,"tags":{"amenity":"hospital","name":"Okokomaiko Primary Health Care Board","operator:type":"public"}},{"type":"node","id":11889139979,"lat":6.4821828,"lon":3.1882533,"tags":{"amenity":"hospital","name":"Hon C O Ojelabi Health Center Igbo Elerin","operator":"private"}},{"type":"node","id":11889139980,"lat":6.4835473,"lon":3.1872851,"tags":{"amenity":"hospital","name":"Bossom Hospital And Maternity","operator":"private"}},{"type":"node","id":11889139981,"lat":6.4835926,"lon":3.1867862,"tags":{"amenity":"hospital","name":"Bolus Coudlescent Center","operator":"private"}},{"type":"node","id":11889139982,"lat":6.4862936,"lon":3.1852627,"tags":{"amenity":"hospital","name":"Ancel Hospital","operator":"private"}},{"type":"node","id":11889159163,"lat":6.4568267,"lon":3.2021928,"tags":{"amenity":"hospital","name":"Fellowship Clinic And Maternity Center","operator":"private"}},{"type":"node","id":11889159164,"lat":6.4560805,"lon":3.2022692,"tags":{"amenity":"hospital","name":"God's Goal Hospital","operator":"private"}},{"type":"node","id":11889159165,"lat":6.458504,"lon":3.1849846,"tags":{"amenity":"hospital","healthcare":"hospital","name":"Divine Release Maternity Home","operator":"private"}},{"type":"node","id":11889159166,"lat":6.4535725,"lon":3.1895582,"tags":{"amenity":"hospital","name":"Genesis Health Center","operator":"private"}},{"type":"node","id":11889190332,"lat":6.4590801,"lon":3.2290417,"tags":{"amenity":"hospital","name":"Bonne Fante Hospital","operator":"private"}},{"type":"node","id":11889190333,"lat":6.4592327,"lon":3.2229839,"tags":{"amenity":"hospital","name":"Safe Healing Nursing Home","operator":"private"}},{"type":"node","id":11889190334,"lat":6.4585031,"lon":3.2200912,"tags":{"amenity":"hospital","name":"Alexander Memorial Hospital Olugbemi Agric","operator":"private"}},{"type":"node","id":11889190335,"lat":6.4562244,"lon":3.2211815,"tags":{"amenity":"hospital","name":"St David Med Center","operator":"private"}},{"type":"node","id":11889190336,"lat":6.4463071,"lon":3.2276148,"tags":{"amenity":"hospital","name":"Tedi Primary Health Center Ojo","operator":"private"}},{"type":"node","id":11889190337,"lat":6.4457141,"lon":3.2218426,"tags":{"amenity":"hospital","name":"Divine Gift Medical Centre Hospital","operator":"private"}},{"type":"node","id":11889190338,"lat":6.44454,"lon":3.2142627,"tags":{"amenity":"hospital","name":"New Nigeria Hospital","operator":"private"}},{"type":"node","id":11889212942,"lat":6.4696408,"lon":3.2276791,"tags":{"amenity":"hospital","name":"MRS Hospital","operator":"private"}},{"type":"node","id":11889356823,"lat":6.5797385,"lon":3.0888936,"tags":{"amenity":"hospital","name":"Oluwalogbon Medical Centre","operator":"private"}},{"type":"node","id":11889356824,"lat":6.5772458,"lon":3.0935238,"tags":{"amenity":"hospital","name":"Blessed Trinity Hospital","operator":"private"}},{"type":"node","id":11889356825,"lat":6.5764238,"lon":3.0914457,"tags":{"amenity":"hospital","name":"De Godswill Hospital","operator":"private"}},{"type":"node","id":11889356826,"lat":6.5657894,"lon":3.0814022,"tags":{"amenity":"hospital","name":"Ojuoluwa Medical Centre","operator":"private"}},{"type":"node","id":11889356827,"lat":6.5610491,"lon":3.0790901,"tags":{"amenity":"hospital","name":"Medics Clinical Venture","operator":"private"}},{"type":"node","id":11889378477,"lat":6.588285,"lon":3.0805197,"tags":{"amenity":"hospital","name":"Saving Grace Hospital","operator":"private"}},{"type":"node","id":11889378478,"lat":6.5987137,"lon":3.0715866,"tags":{"amenity":"hospital","name":"Ketu Health Centre","operator:type":"public"}},{"type":"node","id":11889378479,"lat":6.6174031,"lon":3.0917099,"tags":{"amenity":"hospital","name":"Odugbe Hosipal","operator":"private"}},{"type":"node","id":11889669564,"lat":6.5521424,"lon":3.0427006,"tags":{"amenity":"hospital","name":"Egudu Health Center","operator":"private"}},{"type":"node","id":11889706143,"lat":6.5011017,"lon":3.0874774,"tags":{"amenity":"hospital","name":"Nestle Nig Plc Staff Clinic","operator":"others"}},{"type":"node","id":11889706144,"lat":6.5061171,"lon":3.0885985,"tags":{"amenity":"hospital","name":"Rophe Clinic","operator":"private"}},{"type":"node","id":11889706145,"lat":6.511804,"lon":3.0917206,"tags":{"amenity":"hospital","name":"Toluwalope Clinic and Maternity","operator":"private"}},{"type":"node","id":11889706146,"lat":6.5296453,"lon":3.0774298,"tags":{"amenity":"hospital","name":"Rock Of Ages Hospital","operator":"private"}},{"type":"node","id":11889717157,"lat":6.5041077,"lon":3.1024092,"tags":{"amenity":"hospital","name":"Agbara Primary Health Care Center","operator:type":"public"}},{"type":"node","id":11889717158,"lat":6.5028899,"lon":3.1011794,"tags":{"amenity":"hospital","name":"Agbara Medical Center","operator":"private"}},{"type":"node","id":11889717159,"lat":6.5039505,"lon":3.1009206,"tags":{"amenity":"hospital","name":"Sefa Hospital Clinic And Maternity","operator":"private"}},{"type":"node","id":11889743915,"lat":6.5276893,"lon":3.1341237,"tags":{"amenity":"hospital","name":"Igbesa Primary Health Center","operator:type":"public"}},{"type":"node","id":11889743916,"lat":6.5242703,"lon":3.1363955,"tags":{"amenity":"hospital","name":"Falola Clinic Medical","operator":"private"}},{"type":"node","id":11889743917,"lat":6.5318571,"lon":3.1786939,"tags":{"amenity":"hospital","name":"Ikogbo Primary Health Center","operator:type":"public"}},{"type":"node","id":11889755182,"lat":6.5367869,"lon":3.135505,"tags":{"amenity":"hospital","name":"Falola Medical Clinic","operator":"private"}},{"type":"node","id":11889755183,"lat":6.5406641,"lon":3.1293118,"tags":{"amenity":"hospital","name":"Olabaji Clinic","operator":"private"}},{"type":"node","id":11890813755,"lat":6.5615953,"lon":3.1885584,"tags":{"amenity":"hospital","name":"Savelife Hospital Moshe","operator":"private"}},{"type":"node","id":11890813756,"lat":6.5781878,"lon":3.1754203,"tags":{"amenity":"hospital","name":"Odan Abuja Primary Health Center","operator:type":"public"}},{"type":"node","id":11890939738,"lat":6.6798885,"lon":3.2520658,"tags":{"amenity":"hospital","name":"Ilupewo Health Center","operator":"private"}},{"type":"node","id":11890939739,"lat":6.6785672,"lon":3.2610545,"tags":{"amenity":"hospital","name":"Heaven Hospital Alagbado","operator":"private"}},{"type":"node","id":11890939740,"lat":6.6778665,"lon":3.2597651,"tags":{"amenity":"hospital","name":"Agbado Okeodo Primary Health Center","operator:type":"public"}},{"type":"node","id":11890939741,"lat":6.6727483,"lon":3.2541525,"tags":{"amenity":"hospital","name":"Oke Ilo Health Center","operator:type":"public"}},{"type":"node","id":11890939742,"lat":6.6698558,"lon":3.254056,"tags":{"amenity":"hospital","name":"New Merit Hospital Limited","operator":"private"}},{"type":"node","id":11890939743,"lat":6.6669253,"lon":3.251009,"tags":{"amenity":"hospital","name":"Taqwa Hospital","operator":"private"}},{"type":"node","id":11891069740,"lat":6.6503625,"lon":3.2446092,"tags":{"amenity":"hospital","name":"Alaso Amikanle Primary Health Care Center","operator:type":"public"}},{"type":"node","id":11891069741,"lat":6.6461751,"lon":3.271031,"tags":{"amenity":"hospital","name":"First Wave Medical Center","operator:type":"public"}},{"type":"node","id":11891069742,"lat":6.6487001,"lon":3.2695994,"tags":{"amenity":"hospital","name":"Crescent Hospital","operator":"private"}},{"type":"node","id":11891069743,"lat":6.6499389,"lon":3.2622528,"tags":{"amenity":"hospital","name":"Agbenuba Health Centre","operator:type":"public"}},{"type":"node","id":11891069744,"lat":6.6542615,"lon":3.2601178,"tags":{"amenity":"hospital","name":"Surulere Primary Health Care Center","operator:type":"public"}},{"type":"node","id":11891069745,"lat":6.6579913,"lon":3.2575589,"tags":{"amenity":"hospital","name":"Cavesbury Private Hospital","operator":"private"}},{"type":"node","id":11891106130,"lat":6.6389225,"lon":3.2589068,"tags":{"amenity":"hospital","name":"Raufmomic Health Care","operator":"private"}},{"type":"node","id":11891106131,"lat":6.6298853,"lon":3.259816,"tags":{"amenity":"hospital","name":"Realcare Hospitals","operator":"private"}},{"type":"node","id":11891106132,"lat":6.6424109,"lon":3.2690023,"tags":{"amenity":"hospital","name":"Ehj Catholic Hospital","operator":"private"}},{"type":"node","id":11891106133,"lat":6.6446532,"lon":3.2637247,"tags":{"amenity":"hospital","name":"God's Footstep Nursing Home","operator":"private"}},{"type":"node","id":11891106134,"lat":6.6442882,"lon":3.2617338,"tags":{"amenity":"hospital","name":"Fueller Health Hospital","operator":"private"}},{"type":"node","id":11891106135,"lat":6.6429134,"lon":3.2549036,"tags":{"amenity":"hospital","name":"Limad Hospital Ltd","operator":"private"}},{"type":"node","id":11891216324,"lat":6.6140133,"lon":3.2597121,"tags":{"amenity":"hospital","name":"Glad Tidings Hospital","operator":"private"}},{"type":"node","id":11891216325,"lat":6.6169781,"lon":3.2725672,"tags":{"amenity":"hospital","name":"Chrisol Medicals Maternity Home","operator:type":"public"}},{"type":"node","id":11891216326,"lat":6.6216393,"lon":3.2745172,"tags":{"amenity":"hospital","name":"Lee Way Medical Center","operator":"private"}},{"type":"node","id":11891216327,"lat":6.6211997,"lon":3.2761587,"tags":{"amenity":"hospital","name":"Double Crown Medical Diagnostic Service","operator":"private"}},{"type":"node","id":11891318391,"lat":6.6070167,"lon":3.2582349,"tags":{"amenity":"hospital","name":"Agape Medical Centre","operator":"private"}},{"type":"node","id":11891318392,"lat":6.6058117,"lon":3.2547547,"tags":{"amenity":"hospital","name":"Samas Hospital","operator":"private"}},{"type":"node","id":11891318393,"lat":6.6016119,"lon":3.2712241,"tags":{"amenity":"hospital","name":"Quest Medical Diagnosis","operator":"private"}},{"type":"node","id":11891318394,"lat":6.5986351,"lon":3.2680249,"tags":{"amenity":"hospital","name":"Daverhodes Clinic And Maternity Home","operator:type":"public"}},{"type":"node","id":11891318395,"lat":6.6005988,"lon":3.267526,"tags":{"amenity":"hospital","name":"Solad Medical Centre And Maternity Hospital","operator:type":"public"}},{"type":"node","id":11891318396,"lat":6.6063363,"lon":3.2543185,"tags":{"amenity":"hospital","name":"The Ark Hospital And Maternity Centre","operator:type":"public"}},{"type":"node","id":11891318397,"lat":6.5931078,"lon":3.2337406,"tags":{"amenity":"hospital","name":"St Monica Hospital","operator":"private"}},{"type":"node","id":11891318398,"lat":6.6064245,"lon":3.2349466,"tags":{"amenity":"hospital","name":"Ayobo Primary Health Care Centre","operator:type":"public"}},{"type":"node","id":11891318399,"lat":6.6045967,"lon":3.2614629,"tags":{"amenity":"hospital","name":"Abalamo Maternity Centre","operator:type":"public"}},{"type":"node","id":11891318400,"lat":6.6043183,"lon":3.2542075,"tags":{"amenity":"hospital","name":"Ipaja Primary Health Centre","operator:type":"public"}},{"type":"node","id":11891318401,"lat":6.603487,"lon":3.2597543,"tags":{"amenity":"hospital","name":"Akinsayosikenu Hospital","operator:type":"public"}},{"type":"node","id":11891318402,"lat":6.6012063,"lon":3.2542571,"tags":{"amenity":"hospital","name":"Prestige Medical Clinic 6a Aina Obembe Street Ipaja","operator:type":"public"}},{"type":"node","id":11891318403,"lat":6.6007906,"lon":3.2461783,"tags":{"amenity":"hospital","name":"Banke Hospital","operator":"private"}},{"type":"node","id":11891318404,"lat":6.5990601,"lon":3.245379,"tags":{"amenity":"hospital","name":"Tofaan's Hopital","operator:type":"public"}},{"type":"node","id":11891318405,"lat":6.5924456,"lon":3.2366082,"tags":{"amenity":"hospital","name":"Alanni Traditional Hospital and Maternity Home","operator:type":"public"}},{"type":"node","id":11891318406,"lat":6.5930637,"lon":3.2337812,"tags":{"amenity":"hospital","name":"St Monica Hospital","operator:type":"public"}},{"type":"node","id":11891318407,"lat":6.5950567,"lon":3.2280734,"tags":{"amenity":"hospital","name":"Crown Well Hospital Haggai Diagonistic Ltd","operator":"private"}},{"type":"node","id":11891318408,"lat":6.5932476,"lon":3.2218279,"tags":{"amenity":"hospital","name":"Damilola Trado Medical Hospital And Maternity Home 7 Agbaje Street Off Olayinka Olatunji Street Orisunmbare Phase 1camp Davies Road Ayobo Lagos","operator":"private"}},{"type":"node","id":11891367969,"lat":6.6341588,"lon":3.2809344,"tags":{"amenity":"hospital","name":"Amen Health Center","operator":"private"}},{"type":"node","id":11891367970,"lat":6.6382431,"lon":3.2835267,"tags":{"amenity":"hospital","name":"Agbelekale Primary Health Care","operator:type":"public"}},{"type":"node","id":11891367971,"lat":6.6399389,"lon":3.2780269,"tags":{"amenity":"hospital","name":"Araba Medical Center","operator":"private"}},{"type":"node","id":11891367972,"lat":6.6539671,"lon":3.2880637,"tags":{"amenity":"hospital","name":"Sethfone Hospital And Maternity Home","operator":"private"}},{"type":"node","id":11891367973,"lat":6.6636458,"lon":3.2818276,"tags":{"amenity":"hospital","name":"Merian Primary Health Care Center","operator:type":"public"}},{"type":"node","id":11891422227,"lat":6.5856125,"lon":3.2456017,"tags":{"amenity":"hospital","name":"Victory Success Maternity Home","operator":"private"}},{"type":"node","id":11891422228,"lat":6.5843188,"lon":3.2472619,"tags":{"amenity":"hospital","name":"Samas Hospital And Maternity","operator":"private"}},{"type":"node","id":11891422229,"lat":6.5834316,"lon":3.2519504,"tags":{"amenity":"hospital","name":"Moyo Medical Center","operator":"private"}},{"type":"node","id":11891422230,"lat":6.5835035,"lon":3.24624,"tags":{"amenity":"hospital","name":"The Vine Medical Center","operator":"private"}},{"type":"node","id":11891422231,"lat":6.5801768,"lon":3.2390705,"tags":{"amenity":"hospital","name":"St Joseph Eye Clinic","operator":"private"}},{"type":"node","id":11891422232,"lat":6.5858003,"lon":3.2372761,"tags":{"amenity":"hospital","name":"Fend Clinic","operator":"private"}},{"type":"node","id":11891454363,"lat":6.5998114,"lon":3.3078946,"tags":{"amenity":"hospital","name":"Ckc Hospital","operator":"private"}},{"type":"node","id":11891454364,"lat":6.6025838,"lon":3.3062249,"tags":{"amenity":"hospital","name":"Crystal Specialist Hospital"}},{"type":"node","id":11891454365,"lat":6.6003776,"lon":3.3003455,"tags":{"amenity":"hospital","name":"Alimosho Health Centre","operator":"private"}},{"type":"node","id":11891454366,"lat":6.60392,"lon":3.30192,"tags":{"amenity":"hospital","name":"Moria Clinic And Maternity Home","operator":"private"}},{"type":"node","id":11891454367,"lat":6.6063486,"lon":3.2998091,"tags":{"amenity":"hospital","name":"Light Hospital","operator":"private"}},{"type":"node","id":11891454368,"lat":6.6056612,"lon":3.2974058,"tags":{"amenity":"hospital","name":"Tri Star Hospital","operator":"private"}},{"type":"node","id":11891476169,"lat":6.6030774,"lon":3.2924813,"tags":{"amenity":"hospital","name":"Top Talent Hospital","operator":"private"}},{"type":"node","id":11891476170,"lat":6.6049365,"lon":3.2860011,"tags":{"amenity":"hospital","name":"Prince And Princess Hospital","operator":"private"}},{"type":"node","id":11891476171,"lat":6.6094899,"lon":3.2845768,"tags":{"amenity":"hospital","name":"Health Center Akinogun","operator:type":"public"}},{"type":"node","id":11891476172,"lat":6.607036,"lon":3.280182,"tags":{"amenity":"hospital","name":"Rabban Medical Centre","operator":"private"}},{"type":"node","id":11891476173,"lat":6.6090583,"lon":3.2856323,"tags":{"amenity":"hospital","name":"Good Land Medical Diagnosis","operator":"private"}},{"type":"node","id":11891476174,"lat":6.6121789,"lon":3.3015224,"tags":{"amenity":"hospital","name":"Krowa Hospital","operator":"private"}},{"type":"node","id":11891476175,"lat":6.6153528,"lon":3.2959165,"tags":{"amenity":"hospital","name":"Oki Primary Health","operator:type":"public"}},{"type":"node","id":11891476176,"lat":6.6146335,"lon":3.2960024,"tags":{"amenity":"hospital","name":"St Alexander Hospital And Maternity Home","operator":"private"}},{"type":"node","id":11891476177,"lat":6.6170274,"lon":3.2970598,"tags":{"amenity":"hospital","name":"Omosola Hospital","operator":"private"}},{"type":"node","id":11891476178,"lat":6.6240372,"lon":3.2914647,"tags":{"amenity":"hospital","name":"Ogundimu Primary Health Care Centre","operator:type":"public"}},{"type":"node","id":11891476179,"lat":6.6244835,"lon":3.2821266,"tags":{"amenity":"hospital","name":"Aboru Primary Health Centre","operator:type":"public"}},{"type":"node","id":11891476180,"lat":6.6257207,"lon":3.2814148,"tags":{"amenity":"hospital","name":"Day Star Health Cares","operator":"private"}},{"type":"node","id":11891477754,"lat":6.5914997,"lon":3.3064958,"tags":{"amenity":"hospital","name":"Royal Salvation Hospital","operator":"private"}},{"type":"node","id":11891477755,"lat":6.5942747,"lon":3.3042059,"tags":{"amenity":"hospital","name":"Summit Hospital And Maternity Home","operator":"private"}},{"type":"node","id":11891477756,"lat":6.5924799,"lon":3.2903912,"tags":{"amenity":"hospital","name":"Blue Sky Hospital","operator":"private"}},{"type":"node","id":11891477757,"lat":6.5925575,"lon":3.289846,"tags":{"amenity":"hospital","name":"Careway Hospital And Maternity","operator":"private"}},{"type":"node","id":11891477758,"lat":6.5976066,"lon":3.288686,"tags":{"amenity":"hospital","name":"Solik Hospital","operator":"private"}},{"type":"node","id":11891477759,"lat":6.5947583,"lon":3.2826617,"tags":{"amenity":"hospital","name":"Rauf Aregbesola Flagship Pry Healthcare Center","operator":"private"}},{"type":"node","id":11891527761,"lat":6.5798125,"lon":3.2074358,"tags":{"amenity":"hospital","name":"Isefun Primary Health Care Center","operator:type":"public"}},{"type":"node","id":11891527762,"lat":6.5794284,"lon":3.208378,"tags":{"amenity":"hospital","name":"Grace Point Medical Centre","operator":"private"}},{"type":"node","id":11891527763,"lat":6.5779,"lon":3.2068397,"tags":{"amenity":"hospital","name":"Oluwabamise Convalescent and Maternity Home","operator":"private"}},{"type":"node","id":11891527764,"lat":6.5772432,"lon":3.2095313,"tags":{"amenity":"hospital","name":"Hope In God Faith Clinic and Maternity Home","operator":"private"}},{"type":"node","id":11891527765,"lat":6.5753227,"lon":3.214541,"tags":{"amenity":"hospital","name":"Cele Apata Community Health Center","operator":"private"}},{"type":"node","id":11915825149,"lat":6.5699369,"lon":3.3029406,"tags":{"amenity":"hospital","name":"Orisunbare Primary Health Care Center","operator:type":"public"}},{"type":"node","id":11915825150,"lat":6.5776029,"lon":3.2822379,"tags":{"amenity":"hospital","name":"Majesty Hospital","operator":"private"}},{"type":"node","id":11915825151,"lat":6.570635,"lon":3.2878263,"tags":{"amenity":"hospital","name":"Alimosho Local Goverment Egbe Idimu Lcda Health Center","operator:type":"public"}},{"type":"node","id":11915825152,"lat":6.571902,"lon":3.2920428,"tags":{"amenity":"hospital","name":"Basic Hospital","operator":"private"}},{"type":"node","id":11915825153,"lat":6.5916809,"lon":3.2996616,"tags":{"amenity":"hospital","name":"Mary The Queen Hospital","operator":"private"}},{"type":"node","id":11915825154,"lat":6.5884595,"lon":3.2980522,"tags":{"amenity":"hospital","name":"Life Anchor Hospital","operator":"private"}},{"type":"node","id":11915825155,"lat":6.5869794,"lon":3.3061163,"tags":{"amenity":"hospital","name":"Shasha Medical Centre","operator":"private"}},{"type":"node","id":11915825156,"lat":6.5846413,"lon":3.3053452,"tags":{"amenity":"hospital","name":"Emc Hospital and Maternity","operator":"private"}},{"type":"node","id":11915825157,"lat":6.5853394,"lon":3.2971993,"tags":{"amenity":"hospital","name":"Mojol Hospital and Maternity Home","operator":"private"}},{"type":"node","id":11915885586,"lat":6.5749929,"lon":3.2582161,"tags":{"amenity":"hospital","name":"Ogbomoshotedo Community Health Cetre","operator:type":"public"}},{"type":"node","id":11915885587,"lat":6.5776122,"lon":3.2631125,"tags":{"amenity":"hospital","name":"Max Health Consultant Hospital Ltd","operator":"private"}},{"type":"node","id":11915885588,"lat":6.5760867,"lon":3.264192,"tags":{"amenity":"hospital","name":"Flora Hospital And Maternity","operator":"private"}},{"type":"node","id":11915885589,"lat":6.5796932,"lon":3.2790159,"tags":{"amenity":"hospital","name":"Carelife Medical Centre","operator":"private"}},{"type":"node","id":11915885590,"lat":6.5782184,"lon":3.2812281,"tags":{"amenity":"hospital","name":"Ajiboye Clinic And Maternity Home","operator":"private"}},{"type":"node","id":11915885591,"lat":6.5774124,"lon":3.2816827,"tags":{"amenity":"hospital","name":"Pons Medicaldiagonistics","operator":"private"}},{"type":"node","id":11915885592,"lat":6.5768541,"lon":3.280571,"tags":{"amenity":"hospital","name":"Health Center Isheri Olofin","operator":"private"}},{"type":"node","id":11915885593,"lat":6.5742322,"lon":3.2813971,"tags":{"amenity":"hospital","name":"Fellowship Hospital","operator":"private"}},{"type":"node","id":11915885594,"lat":6.5658347,"lon":3.2560649,"tags":{"amenity":"hospital","name":"Dove Hospital","operator":"private"}},{"type":"node","id":11915885595,"lat":6.5622668,"lon":3.2696852,"tags":{"amenity":"hospital","name":"Amuwo Mile 2 Primary Health Center","operator:type":"public"}},{"type":"node","id":11915885596,"lat":6.5579208,"lon":3.2803899,"tags":{"amenity":"hospital","name":"Bluesea Hospital And Maternity","operator":"private"}},{"type":"node","id":11923506886,"lat":6.5516654,"lon":3.2547252,"tags":{"amenity":"hospital","name":"Delife Hospital","operator":"private"}},{"type":"node","id":11923506887,"lat":6.5523489,"lon":3.2691702,"tags":{"amenity":"hospital","name":"Elf Foundation Primary Health Centre","operator:type":"public"}},{"type":"node","id":11923506888,"lat":6.5522916,"lon":3.2654285,"tags":{"amenity":"hospital","name":"Day Spring Hospital","operator":"private"}},{"type":"node","id":11923506889,"lat":6.5499121,"lon":3.2596993,"tags":{"amenity":"hospital","name":"B Rock Convalescent And Maternity Home","operator":"private"}},{"type":"node","id":11923506890,"lat":6.5491753,"lon":3.2661326,"tags":{"amenity":"hospital","name":"Broad Hospital And Maternity","operator:type":"public"}},{"type":"node","id":11923506891,"lat":6.5492845,"lon":3.2625411,"tags":{"amenity":"hospital","name":"Ogunmoded Memorial Hospital And Maternity Home","operator":"private"}},{"type":"node","id":11923506892,"lat":6.5486903,"lon":3.2607213,"tags":{"amenity":"hospital","name":"Primex Hospital","operator":"private"}},{"type":"node","id":11923506893,"lat":6.5475418,"lon":3.2623118,"tags":{"amenity":"hospital","name":"Joba Diagnostic Medical Service","operator":"private"}},{"type":"node","id":11923506894,"lat":6.5467577,"lon":3.2645226,"tags":{"amenity":"hospital","name":"Kamzone Medical Diagnostic","operator":"private"}},{"type":"node","id":11923506895,"lat":6.5464879,"lon":3.265733,"tags":{"amenity":"hospital","name":"Health Point Diagnostic","operator":"private"}},{"type":"node","id":11923506896,"lat":6.5458297,"lon":3.2725283,"tags":{"amenity":"hospital","name":"Joas Medical Diagnostics","operator":"private"}},{"type":"node","id":11923506897,"lat":6.544512,"lon":3.2747278,"tags":{"amenity":"hospital","name":"Jones Specialist Hospital","operator":"private"}},{"type":"node","id":11923506898,"lat":6.5397848,"lon":3.2562178,"tags":{"amenity":"hospital","name":"Matcom Medical Diagnostic Service S","operator":"private"}},{"type":"node","id":11923506899,"lat":6.5411758,"lon":3.2802987,"tags":{"amenity":"hospital","name":"Ohhbee Hospital","operator":"private"}},{"type":"node","id":11923506900,"lat":6.5418846,"lon":3.2817471,"tags":{"amenity":"hospital","name":"Mt Sinai Hospital","operator":"private"}},{"type":"node","id":11923506901,"lat":6.5414103,"lon":3.2832599,"tags":{"amenity":"hospital","name":"Mount Pisgah Hospital","operator":"private"}},{"type":"node","id":11923506902,"lat":6.5377516,"lon":3.2727282,"tags":{"amenity":"hospital","name":"Holiness Hospital","operator":"private"}},{"type":"node","id":11923506903,"lat":6.5320276,"lon":3.2793747,"tags":{"amenity":"hospital","name":"Agodo Primary Health Center","operator:type":"public"}},{"type":"node","id":11923596064,"lat":6.5218187,"lon":3.2578003,"tags":{"amenity":"hospital","name":"Afonja Eye Clinic","operator":"private"}},{"type":"node","id":11923596065,"lat":6.5288645,"lon":3.2535544,"tags":{"amenity":"hospital","name":"Best Option Healthcare And Maternity Home","operator":"private"}},{"type":"node","id":11923596066,"lat":6.5287632,"lon":3.2589772,"tags":{"amenity":"hospital","name":"Cornell Health Laboratory Service","operator":"private"}},{"type":"node","id":11923596067,"lat":6.5306096,"lon":3.2593922,"tags":{"amenity":"hospital","name":"Gg Able Medical Diaglab","operator":"private"}},{"type":"node","id":11923596068,"lat":6.5302502,"lon":3.259989,"tags":{"amenity":"hospital","name":"Faniyet Hospital","operator":"private"}},{"type":"node","id":11923599869,"lat":6.5293548,"lon":3.2662413,"tags":{"amenity":"hospital","name":"Samadex Clinic","operator":"private"}},{"type":"node","id":11923599870,"lat":6.529504,"lon":3.27097,"tags":{"amenity":"hospital","name":"Zephaniah Maternity Center","operator":"private"}},{"type":"node","id":11923599871,"lat":6.5230578,"lon":3.2705033,"tags":{"amenity":"hospital","name":"Molabi Hospital","operator":"private"}},{"type":"node","id":11923604168,"lat":6.5157721,"lon":3.2552858,"tags":{"amenity":"hospital","name":"Victory Life Medical Diagnostic","operator:type":"public"}},{"type":"node","id":11923639569,"lat":6.5155549,"lon":3.2598013,"tags":{"amenity":"hospital","name":"Glory Of God Health Care Centre","operator":"private"}},{"type":"node","id":11923639570,"lat":6.5067047,"lon":3.2618196,"tags":{"amenity":"hospital","name":"St Grace Natural Medical Clinic And Me Eternity","operator:type":"public"}},{"type":"node","id":11924945902,"lat":6.5613475,"lon":3.2511592,"tags":{"amenity":"hospital","name":"Alimosho General Hospital","operator:type":"public"}},{"type":"node","id":11924945903,"lat":6.5629783,"lon":3.2509768,"tags":{"amenity":"hospital","name":"Kent Hospital","operator":"private"}},{"type":"node","id":11924945904,"lat":6.5639588,"lon":3.2504967,"tags":{"amenity":"hospital","name":"Shonowo Hospital","operator:type":"public"}},{"type":"node","id":11924945905,"lat":6.5682955,"lon":3.2460804,"tags":{"amenity":"hospital","name":"Purpose Of God Clinic and Maternity","operator":"private"}},{"type":"node","id":11924945906,"lat":6.5649008,"lon":3.2394513,"tags":{"amenity":"hospital","name":"Santamaria Hospital Annex","operator":"private"}},{"type":"node","id":11924945907,"lat":6.5626145,"lon":3.2245503,"tags":{"amenity":"hospital","name":"Mount Moriah Hospital And Maternity","operator":"private"}},{"type":"node","id":11925010462,"lat":6.5389294,"lon":3.2547051,"tags":{"amenity":"hospital","name":"Above Clinic Medical Centre","operator":"private"}},{"type":"node","id":11925010463,"lat":6.5316332,"lon":3.245253,"tags":{"amenity":"hospital","name":"Solvicaj Laboratory","operator":"private"}},{"type":"node","id":11925010464,"lat":6.5369228,"lon":3.2432742,"tags":{"amenity":"hospital","name":"Noble Clinic","operator":"private"}},{"type":"node","id":11925010465,"lat":6.5376956,"lon":3.2454595,"tags":{"amenity":"hospital","name":"Royal Jubille Hospital","operator":"private"}},{"type":"node","id":11925010466,"lat":6.5389307,"lon":3.2454957,"tags":{"amenity":"hospital","name":"St White Shield Clinic","operator":"private"}},{"type":"node","id":11925010467,"lat":6.5482733,"lon":3.2476629,"tags":{"amenity":"hospital","name":"Okey Madu Maternity Home","operator":"private"}},{"type":"node","id":11925010468,"lat":6.5517854,"lon":3.2437402,"tags":{"amenity":"hospital","name":"Igando Diagnostic Center","operator":"private"}},{"type":"node","id":11925019769,"lat":6.5534201,"lon":3.2482168,"tags":{"amenity":"hospital","name":"De Fairlane Hospital","operator":"private"}},{"type":"node","id":11925019770,"lat":6.5558743,"lon":3.2481632,"tags":{"amenity":"hospital","name":"Afriglobal Medicare","operator":"private"}},{"type":"node","id":11925019771,"lat":6.5588854,"lon":3.2452208,"tags":{"amenity":"hospital","name":"Cj Confidence Care","operator":"private"}},{"type":"node","id":11925019772,"lat":6.5608212,"lon":3.2369609,"tags":{"amenity":"hospital","name":"Christ Apostolic Maternity Center","operator":"religious hospital"}},{"type":"node","id":11925019773,"lat":6.5569562,"lon":3.2268745,"tags":{"amenity":"hospital","name":"Life Fount Medical Center","operator":"private"}},{"type":"node","id":11925030440,"lat":6.510892,"lon":3.2525982,"tags":{"amenity":"hospital","name":"Crusaints Hospital","operator":"private"}},{"type":"node","id":11925030441,"lat":6.5140412,"lon":3.2517278,"tags":{"amenity":"hospital","name":"Ijegun Primary Health Care","operator:type":"public"}},{"type":"node","id":11925030442,"lat":6.5139999,"lon":3.2521798,"tags":{"amenity":"hospital","name":"Olatemi Maternity Home","operator":"private"}},{"type":"node","id":11925030443,"lat":6.5225555,"lon":3.2506241,"tags":{"amenity":"hospital","name":"Datam Conv Health Care Center","operator":"private"}},{"type":"node","id":11925030444,"lat":6.5240758,"lon":3.2491449,"tags":{"amenity":"hospital","name":"Maciland Medical Center","operator":"private"}},{"type":"node","id":11925066632,"lat":6.5045281,"lon":3.2242063,"tags":{"amenity":"hospital","name":"Ijagemo Primary Health Centre","operator:type":"public"}},{"type":"node","id":11925066633,"lat":6.5258492,"lon":3.2163817,"tags":{"amenity":"hospital","name":"Adebek Maternity Home","operator":"private"}},{"type":"node","id":11925066634,"lat":6.5255295,"lon":3.2151418,"tags":{"amenity":"hospital","name":"Pakal Medical Centre","operator":"private"}},{"type":"node","id":11925066635,"lat":6.5276866,"lon":3.214319,"tags":{"amenity":"hospital","name":"Hefamaa Laboratory","operator":"private"}},{"type":"node","id":11925066636,"lat":6.5360594,"lon":3.2201421,"tags":{"amenity":"hospital","name":"Sholay Beauty World","operator":"private"}},{"type":"node","id":11925076786,"lat":6.5526647,"lon":3.2217327,"tags":{"amenity":"hospital","name":"Winkoye Laboratory Service","operator":"private"}},{"type":"node","id":11925076787,"lat":6.5518107,"lon":3.2265379,"tags":{"amenity":"hospital","name":"Vintage Hospital","operator":"private"}},{"type":"node","id":11925076788,"lat":6.5503741,"lon":3.2359591,"tags":{"amenity":"hospital","name":"Egan Primary Health Care Center","operator":"private"}},{"type":"node","id":11925076789,"lat":6.5487316,"lon":3.2315496,"tags":{"amenity":"hospital","name":"Santa Maria Hospital","operator":"mission\/Reliiuos"}},{"type":"node","id":11925076790,"lat":6.5405003,"lon":3.2236565,"tags":{"amenity":"hospital","name":"Marie Stopes Clinic General Medical Care And Laboratory","operator":"private"}},{"type":"node","id":11925076791,"lat":6.5423682,"lon":3.2243002,"tags":{"amenity":"hospital","name":"Eldunamis Medical Center","operator":"private"}},{"type":"node","id":11925076792,"lat":6.541796,"lon":3.2283443,"tags":{"amenity":"hospital","name":"Bukz Clinical Diagnostic Center","operator":"private"}},{"type":"node","id":11925076793,"lat":6.5401725,"lon":3.2306933,"tags":{"amenity":"hospital","name":"Divine Blessing Hospital","operator":"private"}},{"type":"node","id":11925076794,"lat":6.5358509,"lon":3.2272104,"tags":{"amenity":"hospital","name":"Jubilee Health Center And Laboratory","operator":"private"}},{"type":"node","id":11925076795,"lat":6.5341381,"lon":3.236737,"tags":{"amenity":"hospital","name":"Betterlife Hospital","operator":"private"}},{"type":"node","id":11925076800,"lat":6.551744,"lon":3.2188976,"tags":{"amenity":"hospital","name":"Isuti Medical Centre","operator":"private"}},{"type":"node","id":11925076801,"lat":6.5494684,"lon":3.2182176,"tags":{"amenity":"hospital","name":"Pelfik Clinic And Maternity Center","operator":"private"}},{"type":"node","id":11925076802,"lat":6.5471541,"lon":3.2189526,"tags":{"amenity":"hospital","name":"Atinuke Tr Clinic And Maternity Home","operator":"private"}},{"type":"node","id":11925078331,"lat":6.5326165,"lon":3.2367732,"tags":{"amenity":"hospital","name":"Roland Orthopedic Hospital","operator":"private"}},{"type":"node","id":11925078332,"lat":6.5284168,"lon":3.2387862,"tags":{"amenity":"hospital","name":"Okerube Health Centre","operator":"private"}},{"type":"node","id":11925078333,"lat":6.5228606,"lon":3.2381793,"tags":{"amenity":"hospital","name":"Ayodamola Health Careand Maternity Home","operator":"private"}},{"type":"node","id":11925139252,"lat":6.495324,"lon":3.2443987,"tags":{"amenity":"hospital","name":"Ojo Bala Ologunebi Trado And Maternity Clinic","operator":"private"}},{"type":"node","id":11925139253,"lat":6.4983674,"lon":3.247498,"tags":{"amenity":"hospital","name":"Ijedodo Primary Health Center","operator:type":"public"}},{"type":"node","id":11925914566,"lat":6.5265321,"lon":3.3417106,"tags":{"amenity":"hospital","name":"Divine Nursin Hme","operator":"private"}},{"type":"node","id":11925914567,"lat":6.524273,"lon":3.3411077,"tags":{"amenity":"hospital","name":"Good Hope Hospital","operator":"private"}},{"type":"node","id":11925914568,"lat":6.5244768,"lon":3.3394776,"tags":{"amenity":"hospital","name":"Salvation Hospital","operator":"other"}},{"type":"node","id":11925925645,"lat":6.530542,"lon":3.3427982,"tags":{"amenity":"hospital","name":"Femtab Hosp","operator":"private"}},{"type":"node","id":11925925646,"lat":6.5289311,"lon":3.3443009,"tags":{"amenity":"hospital","name":"Divine Nursing Home","operator":"private"}},{"type":"node","id":11925925647,"lat":6.5284098,"lon":3.3442194,"tags":{"amenity":"hospital","name":"Best Hospital","operator":"private"}},{"type":"node","id":11925925648,"lat":6.5278279,"lon":3.3444853,"tags":{"amenity":"hospital","name":"Hammed Conwale Hospital","operator":"private"}},{"type":"node","id":11925925649,"lat":6.5275561,"lon":3.3463696,"tags":{"amenity":"hospital","name":"Alafiatayo Hospital","operator":"private"}},{"type":"node","id":11925925650,"lat":6.5271883,"lon":3.3489398,"tags":{"amenity":"hospital","name":"Isolo Road Primary Health Care Centre","operator:type":"public"}},{"type":"node","id":11925925651,"lat":6.5276966,"lon":3.3511654,"tags":{"amenity":"hospital","name":"Saltak Consualtant Home","operator":"private"}},{"type":"node","id":11925925652,"lat":6.5255353,"lon":3.3548502,"tags":{"amenity":"hospital","name":"Alhameed Conval Hospital","operator:type":"public"}},{"type":"node","id":11925925653,"lat":6.5249265,"lon":3.3546945,"tags":{"amenity":"hospital","name":"Health Center Mushin","operator:type":"public"}},{"type":"node","id":11925925654,"lat":6.5253016,"lon":3.3533138,"tags":{"amenity":"hospital","name":"Ogungbaiye Primary Health Centre","operator:type":"public"}},{"type":"node","id":11925925655,"lat":6.5249139,"lon":3.349666,"tags":{"amenity":"hospital","name":"Orisegun Med Center","operator":"private"}},{"type":"node","id":11925925656,"lat":6.5208093,"lon":3.3516663,"tags":{"amenity":"hospital","name":"Saint Kizito Clinic","operator":"private"}},{"type":"node","id":11925925657,"lat":6.5217154,"lon":3.3457218,"tags":{"amenity":"hospital","name":"Ajoke Clinic","operator":"private"}},{"type":"node","id":11925925658,"lat":6.5214642,"lon":3.3443338,"tags":{"amenity":"hospital","name":"Labake Maternity Center","operator":"private"}},{"type":"node","id":11925925659,"lat":6.5211178,"lon":3.3449507,"tags":{"amenity":"hospital","name":"Odus Health Center","operator":"other"}},{"type":"node","id":11925925660,"lat":6.5208753,"lon":3.344999,"tags":{"amenity":"hospital","name":"Awesome Grace Hospital","operator":"private"}},{"type":"node","id":11925925661,"lat":6.5208353,"lon":3.3452511,"tags":{"amenity":"hospital","name":"Odus Specialist Clinic","operator":"private"}},{"type":"node","id":11925925662,"lat":6.5157248,"lon":3.3596589,"tags":{"amenity":"hospital","name":"St Claire Specialist Clinic","operator":"private"}},{"type":"node","id":11925925663,"lat":6.5153217,"lon":3.3602279,"tags":{"amenity":"hospital","name":"VNusamin Clinic","operator":"private"}},{"type":"node","id":11925925664,"lat":6.5147048,"lon":3.3561402,"tags":{"amenity":"hospital","name":"A Aand A Medical Diagostic Center","operator":"private"}},{"type":"node","id":11925925665,"lat":6.5192031,"lon":3.3512633,"tags":{"amenity":"hospital","name":"Aishat Specialist Hospital Limited","operator":"private"}},{"type":"node","id":11925925666,"lat":6.5174233,"lon":3.3473741,"tags":{"amenity":"hospital","name":"Ola Omoyenji Maternity Home","operator":"private"}},{"type":"node","id":11925925667,"lat":6.5169846,"lon":3.346552,"tags":{"amenity":"hospital","name":"Dela Nursing Home","operator":"private"}},{"type":"node","id":11925925668,"lat":6.5164769,"lon":3.3442801,"tags":{"amenity":"hospital","name":"Betlem Hospital","operator":"private"}},{"type":"node","id":11925928169,"lat":6.5162677,"lon":3.3441272,"tags":{"amenity":"hospital","name":"Risaaj Hospital And Medicure","operator":"private"}},{"type":"node","id":11925928170,"lat":6.5145596,"lon":3.3447448,"tags":{"amenity":"hospital","name":"Alves Primary Health Center","operator":"private"}},{"type":"node","id":11925928171,"lat":6.5150139,"lon":3.3428961,"tags":{"amenity":"hospital","name":"Mount Camel Hospital","operator":"private"}},{"type":"node","id":11925928172,"lat":6.514369,"lon":3.3415738,"tags":{"amenity":"hospital","name":"Belan Consultant Home","operator":"private"}},{"type":"node","id":11925959169,"lat":6.5240558,"lon":3.3391839,"tags":{"amenity":"hospital","name":"Phonex Clinic","operator":"private"}},{"type":"node","id":11925959170,"lat":6.5211465,"lon":3.3392731,"tags":{"amenity":"hospital","name":"Mary Anne Hospital","operator":"private"}},{"type":"node","id":11925959171,"lat":6.5201438,"lon":3.337537,"tags":{"amenity":"hospital","name":"Ilasa Health Centre","operator":"private"}},{"type":"node","id":11925959172,"lat":6.5180852,"lon":3.3391947,"tags":{"amenity":"hospital","name":"Bethlem Hospital","operator":"private"}},{"type":"node","id":11925959173,"lat":6.5120852,"lon":3.3335714,"tags":{"amenity":"hospital","name":"Zephaniah Maternity Center","operator":"private"}},{"type":"node","id":11925959174,"lat":6.5124986,"lon":3.3347318,"tags":{"amenity":"hospital","name":"Dans Medical Hospital","operator":"private"}},{"type":"node","id":11925959175,"lat":6.5099439,"lon":3.3372366,"tags":{"amenity":"hospital","name":"Itireijesha Primary Health Care","operator:type":"public"}},{"type":"node","id":11925959176,"lat":6.5080359,"lon":3.3352411,"tags":{"amenity":"hospital","name":"Able God Hospital","operator":"private"}},{"type":"node","id":11925959177,"lat":6.5090219,"lon":3.3294193,"tags":{"amenity":"hospital","name":"St Femos Conual Home","operator":"private"}},{"type":"node","id":11925959178,"lat":6.5085142,"lon":3.3291002,"tags":{"amenity":"hospital","name":"Mountain Of Fire Hospital","operator":"private"}},{"type":"node","id":11925959179,"lat":6.5041024,"lon":3.3317381,"tags":{"amenity":"hospital","name":"Able God Hospital Maternity","operator":"other"}},{"type":"node","id":11925959180,"lat":6.5033136,"lon":3.329013,"tags":{"amenity":"hospital","name":"Adetutu Clinic Ltd","operator":"private"}},{"type":"node","id":11925959181,"lat":6.5018372,"lon":3.3278207,"tags":{"amenity":"hospital","name":"Am Hospital","operator":"private"}},{"type":"node","id":11925959182,"lat":6.4995393,"lon":3.3273024,"tags":{"amenity":"hospital","name":"Bimtom Hospital","operator":"private"}},{"type":"node","id":11925999039,"lat":6.5425148,"lon":3.359904,"tags":{"amenity":"hospital","name":"Crusaints Hospital","operator":"private"}},{"type":"node","id":11925999040,"lat":6.5453501,"lon":3.359617,"tags":{"amenity":"hospital","name":"Iyalode Bisoye","operator":"private"}},{"type":"node","id":11925999041,"lat":6.546773,"lon":3.3611874,"tags":{"amenity":"hospital","name":"Nidus Aquilae","operator":"private"}},{"type":"node","id":11925999042,"lat":6.5466145,"lon":3.361343,"tags":{"amenity":"hospital","name":"Grace Springs Med Clinic","operator":"private"}},{"type":"node","id":11925999043,"lat":6.5485278,"lon":3.3616461,"tags":{"amenity":"hospital","name":"Coker Primary Health Center","operator":"private"}},{"type":"node","id":11925999044,"lat":6.5483386,"lon":3.359448,"tags":{"amenity":"hospital","name":"May Hospital Ilupeju","operator":"private"}},{"type":"node","id":11925999045,"lat":6.5488155,"lon":3.3597913,"tags":{"amenity":"hospital","name":"Mary Anne Med Clinic","operator":"private"}},{"type":"node","id":11925999046,"lat":6.5506195,"lon":3.3603492,"tags":{"amenity":"hospital","name":"Ufoma Specialist Hospital","operator":"private"}},{"type":"node","id":11925999047,"lat":6.553618,"lon":3.3603385,"tags":{"amenity":"hospital","name":"Sharon Clinic","operator":"private"}},{"type":"node","id":11925999048,"lat":6.5572946,"lon":3.3640601,"tags":{"amenity":"hospital","name":"Odonton Ville Dental Clinic","operator":"private"}},{"type":"node","id":11925999049,"lat":6.5567563,"lon":3.3621597,"tags":{"amenity":"hospital","name":"Rosanna Clinic","operator":"private"}},{"type":"node","id":11925999050,"lat":6.5561301,"lon":3.356165,"tags":{"amenity":"hospital","name":"D2 Staff Clinic","operator":"private"}},{"type":"node","id":11925999051,"lat":6.5546725,"lon":3.354435,"tags":{"amenity":"hospital","name":"Glasmithkline Company Clinic","operator":"private"}},{"type":"node","id":11925999052,"lat":6.5530737,"lon":3.3466727,"tags":{"amenity":"hospital","name":"Mecure Health Care","operator":"private"}},{"type":"node","id":11925999053,"lat":6.5506968,"lon":3.3501414,"tags":{"amenity":"hospital","name":"Federal Medical Centre","operator":"private"}},{"type":"node","id":11925999054,"lat":6.5482866,"lon":3.3486508,"tags":{"amenity":"hospital","name":"Federal Neuro Psychatric Hospital Oshodi","operator":"government"}},{"type":"node","id":11925999055,"lat":6.5477523,"lon":3.3449507,"tags":{"amenity":"hospital","name":"Ladipo","operator":"private"}},{"type":"node","id":11925999056,"lat":6.5444854,"lon":3.344256,"tags":{"amenity":"hospital","name":"Goodhope Clinic and Maternity","operator":"private"}},{"type":"node","id":11926018050,"lat":6.5272869,"lon":3.3555561,"tags":{"amenity":"hospital","name":"Regina Mundi Catholic Hospital","operator":"mission\/Reliiuos"}},{"type":"node","id":11926018051,"lat":6.5414382,"lon":3.3624615,"tags":{"amenity":"hospital","name":"Rally Hospital","operator":"private"}},{"type":"node","id":11926018052,"lat":6.5405376,"lon":3.3666913,"tags":{"amenity":"hospital","name":"Ultima Medical Hospital","operator":"private"}},{"type":"node","id":11926018053,"lat":6.5289577,"lon":3.3567122,"tags":{"amenity":"hospital","name":"Tolajide Health Centre","operator":"private"}},{"type":"node","id":11926018054,"lat":6.5392252,"lon":3.3640051,"tags":{"amenity":"hospital","name":"Mojide Specialist Hospital","operator":"private"}},{"type":"node","id":11926018055,"lat":6.5389614,"lon":3.3634472,"tags":{"amenity":"hospital","name":"Fafty Clinic","operator":"private"}},{"type":"node","id":11926018056,"lat":6.5388068,"lon":3.3637798,"tags":{"amenity":"hospital","name":"Omo Medical Health Center","operator":"private"}},{"type":"node","id":11926018057,"lat":6.5374078,"lon":3.3502775,"tags":{"amenity":"hospital","name":"Fountain Of Grace Hospital","operator":"private"}},{"type":"node","id":11926018058,"lat":6.5374718,"lon":3.3547944,"tags":{"amenity":"hospital","name":"Fafolu Mga Center","operator":"private"}},{"type":"node","id":11926018059,"lat":6.5390013,"lon":3.3548588,"tags":{"amenity":"hospital","name":"Ebenezer Specialist Clinic and Maternity","operator":"private"}},{"type":"node","id":11926018060,"lat":6.5367736,"lon":3.3534291,"tags":{"amenity":"hospital","name":"Merit Medical Clinic","operator":"private"}},{"type":"node","id":11926018061,"lat":6.5298238,"lon":3.3544578,"tags":{"amenity":"hospital","name":"Olutoba Clinic","operator":"private"}},{"type":"node","id":11926018062,"lat":6.5335679,"lon":3.3562991,"tags":{"amenity":"hospital","name":"Heritage Hospital","operator":"private"}},{"type":"node","id":11926018063,"lat":6.5346151,"lon":3.3553952,"tags":{"amenity":"hospital","name":"Fafolu Clinic and Maternity Home","operator":"private"}},{"type":"node","id":11926018064,"lat":6.5356144,"lon":3.3518936,"tags":{"amenity":"hospital","name":"Calvaty Med Center","operator":"private"}},{"type":"node","id":11926018065,"lat":6.5343546,"lon":3.3525172,"tags":{"amenity":"hospital","name":"Divine Favour Maternity Home","operator":"private"}},{"type":"node","id":11926018066,"lat":6.532827,"lon":3.3527331,"tags":{"amenity":"hospital","name":"Merit Medical Centre Ojuwoyw","operator":"private"}},{"type":"node","id":11926018067,"lat":6.5331068,"lon":3.3540541,"tags":{"amenity":"hospital","name":"Ayatuga Health Care","operator":"private"}},{"type":"node","id":11926018068,"lat":6.5331175,"lon":3.3552021,"tags":{"amenity":"hospital","name":"Ayantuga Primary Health Centre","operator":"government"}},{"type":"node","id":11926103969,"lat":6.5326059,"lon":3.3646367,"tags":{"amenity":"hospital","name":"Kayode Health Center Onipanu","operator":"government"}},{"type":"node","id":11926103970,"lat":6.5307818,"lon":3.3658692,"tags":{"amenity":"hospital","name":"Legus Specialist Hospital","operator:type":"public"}},{"type":"node","id":11926103971,"lat":6.5288085,"lon":3.3585763,"tags":{"amenity":"hospital","name":"Redeemtion Medical Clinic","operator":"mission\/Reliiuos"}},{"type":"node","id":11926103972,"lat":6.5281423,"lon":3.3587185,"tags":{"amenity":"hospital","name":"Continental Hospital And Maternity Home","operator":"private"}},{"type":"node","id":11926103973,"lat":6.5271457,"lon":3.3657673,"tags":{"amenity":"hospital","name":"Kajla Primary Health Center","operator:type":"public"}},{"type":"node","id":11926103974,"lat":6.520313,"lon":3.367095,"tags":{"amenity":"hospital","name":"Jag-Bon Medical Center","operator":"private"}},{"type":"node","id":11926103975,"lat":6.5211258,"lon":3.3648741,"tags":{"amenity":"hospital","name":"Bm Hospital","operator":"private"}},{"type":"node","id":11926103976,"lat":6.5381459,"lon":3.3455354,"tags":{"amenity":"hospital","name":"Debof Clinicks Ltd","operator":"private"}},{"type":"node","id":11926103977,"lat":6.5387948,"lon":3.3438456,"tags":{"amenity":"hospital","name":"Oluwalase Clinic","operator":"private"}},{"type":"node","id":11926103978,"lat":6.5365284,"lon":3.3498108,"tags":{"amenity":"hospital","name":"Palm Avenue Primary Health Centre","operator":"government"}},{"type":"node","id":11926103979,"lat":6.5363019,"lon":3.3506745,"tags":{"amenity":"hospital","name":"New Bethsaida Hospital Maternity","operator":"private"}},{"type":"node","id":11926103980,"lat":6.5326445,"lon":3.347712,"tags":{"amenity":"hospital","name":"Cedar Clinic","operator":"private"}},{"type":"node","id":11926103981,"lat":6.5342301,"lon":3.3460906,"tags":{"amenity":"hospital","name":"Mercy Maternity Center","operator":"private"}},{"type":"node","id":11926103982,"lat":6.5340715,"lon":3.3465788,"tags":{"amenity":"hospital","name":"Diamond Clinic","operator":"private"}},{"type":"node","id":11926103983,"lat":6.534346,"lon":3.3448541,"tags":{"amenity":"hospital","name":"Hillstar Hospital","operator":"private"}},{"type":"node","id":11926103984,"lat":6.5340462,"lon":3.3447012,"tags":{"amenity":"hospital","name":"Canvalescent And Health Care Center","operator":"private"}},{"type":"node","id":11926103985,"lat":6.5313441,"lon":3.3476704,"tags":{"amenity":"hospital","name":"Nature Hospital","operator":"private"}},{"type":"node","id":11926103986,"lat":6.5319503,"lon":3.3460061,"tags":{"amenity":"hospital","name":"John Vic Clinic","operator":"private"}},{"type":"node","id":11926103987,"lat":6.5315253,"lon":3.3462515,"tags":{"amenity":"hospital","name":"Mushin General Hospital","operator:type":"public"}},{"type":"node","id":11926103988,"lat":6.531879,"lon":3.3437088,"tags":{"amenity":"hospital","name":"Rembo Hospital","operator":"private"}},{"type":"node","id":11926103989,"lat":6.5316625,"lon":3.3427352,"tags":{"amenity":"hospital","name":"St Andrew Hospital","operator":"private"}},{"type":"node","id":11926103990,"lat":6.5314473,"lon":3.3407323,"tags":{"amenity":"hospital","healthcare":"hospital","name":"Huse Of Peace Specialist Clinic","operator":"private"}},{"type":"node","id":11926103991,"lat":6.532839,"lon":3.3419614,"tags":{"amenity":"hospital","name":"Sentinel Hospital","operator":"private"}},{"type":"node","id":11926103992,"lat":6.5365557,"lon":3.3396587,"tags":{"amenity":"hospital","name":"Saint Claire Hospital Ltd","operator":"private"}},{"type":"node","id":11926103993,"lat":6.5348776,"lon":3.3391719,"tags":{"amenity":"hospital","name":"Oluwadamilare Maternity Home","operator:type":"public"}},{"type":"node","id":11942279497,"lat":6.4918275,"lon":3.3197781,"tags":{"amenity":"hospital","name":"The Lords Chosen Mission Hospital","operator":"private"}},{"type":"node","id":11942321671,"lat":6.4628607,"lon":3.3156368,"tags":{"amenity":"hospital","name":"Olutope Nursing Home","operator":"private"}},{"type":"node","id":11942321672,"lat":6.4725005,"lon":3.3119246,"tags":{"amenity":"hospital","name":"Clinic Healthcare","operator":"private"}},{"type":"node","id":11942321673,"lat":6.4708335,"lon":3.3042669,"tags":{"amenity":"hospital","name":"Panox Hospital and Neurological Center","operator":"private"}},{"type":"node","id":11942321674,"lat":6.4702591,"lon":3.3073488,"tags":{"amenity":"hospital","name":"Bogije Primary Health Center","operator:type":"public"}},{"type":"node","id":11942321675,"lat":6.4699606,"lon":3.3060667,"tags":{"amenity":"hospital","name":"Cherith Hospital","operator":"private"}},{"type":"node","id":11942321676,"lat":6.4677126,"lon":3.3122425,"tags":{"amenity":"hospital","name":"Zodiak Hospital","operator":"private"}},{"type":"node","id":11942321677,"lat":6.4651954,"lon":3.3139665,"tags":{"amenity":"hospital","name":"Amc Hospital","operator":"private"}},{"type":"node","id":11942321678,"lat":6.4592374,"lon":3.3057864,"tags":{"amenity":"hospital","name":"Hf Dental Eye Clinic","operator:type":"public"}},{"type":"node","id":11942321679,"lat":6.4641826,"lon":3.3064985,"tags":{"amenity":"hospital","name":"Deoyefemi Clinic Block 4 Jakande Estate Mile 2","operator":"private"}},{"type":"node","id":11942321680,"lat":6.4631738,"lon":3.311706,"tags":{"amenity":"hospital","name":"Jes And Jes Mosque Road Jakande Estate","operator":"private"}},{"type":"node","id":11942321681,"lat":6.4592507,"lon":3.3041798,"tags":{"amenity":"hospital","name":"Jeokem Hospital","operator":"private"}},{"type":"node","id":11942321682,"lat":6.4585418,"lon":3.3000143,"tags":{"amenity":"hospital","name":"Safehands Medical Centre","operator":"private"}},{"type":"node","id":11942321683,"lat":6.457457,"lon":3.3033389,"tags":{"amenity":"hospital","name":"Blessed Assurance Maternity Home","operator":"private"}},{"type":"node","id":11942321684,"lat":6.456239,"lon":3.3063564,"tags":{"amenity":"hospital","name":"Adetunji Memorial Hospital","operator:type":"public"}},{"type":"node","id":11942350426,"lat":6.4701539,"lon":3.2957228,"tags":{"amenity":"hospital","healthcare":"hospital","name":"Levan Hospital First Avenue G Close Festac Town","operator":"private"}},{"type":"node","id":11942350427,"lat":6.4756533,"lon":3.289445,"tags":{"amenity":"hospital","name":"Emel Specialist Hospital Festac Town","operator":"private"}},{"type":"node","id":11942350428,"lat":6.4700939,"lon":3.2929105,"tags":{"amenity":"hospital","healthcare":"hospital","name":"Pentecost Medical Center 112 Festac Town","operator":"private"}},{"type":"node","id":11942350429,"lat":6.468101,"lon":3.2889321,"tags":{"amenity":"hospital","name":"Praise Medical Center","operator":"private"}},{"type":"node","id":11942350430,"lat":6.4683895,"lon":3.2864825,"tags":{"amenity":"hospital","name":"Faith Care Hospital","operator":"private"}},{"type":"node","id":11942350431,"lat":6.4677386,"lon":3.2859307,"tags":{"amenity":"hospital","name":"Zodiac Hospital","operator":"private"}},{"type":"node","id":11942350432,"lat":6.4671383,"lon":3.2850033,"tags":{"amenity":"hospital","name":"Holy Rosary Medical Center","operator":"private"}},{"type":"node","id":11942350433,"lat":6.4666852,"lon":3.2859253,"tags":{"amenity":"hospital","name":"Godspower Specialist Clinic Hospital And Matanity","operator":"private"}},{"type":"node","id":11942350434,"lat":6.4683509,"lon":3.2957791,"tags":{"amenity":"hospital","healthcare":"hospital","name":"Neb's Clinic and Health Care Service","operator":"private"}},{"type":"node","id":11942350435,"lat":6.4649528,"lon":3.2984921,"tags":{"amenity":"hospital","healthcare":"hospital","name":"Sheperd Specialist Hospital","operator":"private"}},{"type":"node","id":11942350436,"lat":6.4652274,"lon":3.2873248,"tags":{"amenity":"hospital","name":"St Clements Hospital","operator":"private"}},{"type":"node","id":11942350437,"lat":6.4657777,"lon":3.2935488,"tags":{"amenity":"hospital","healthcare":"hospital","name":"Royal Oak Hospital","operator":"private"}},{"type":"node","id":11942350438,"lat":6.4646537,"lon":3.2952514,"tags":{"amenity":"hospital","healthcare":"hospital","name":"Lasapienza Hospital and Maternity","operator":"private"}},{"type":"node","id":11942350439,"lat":6.4633351,"lon":3.2955042,"tags":{"amenity":"hospital","healthcare":"hospital","name":"St Judes Hospital Maternity","operator":"private"}},{"type":"node","id":11942350440,"lat":6.4589649,"lon":3.2951535,"tags":{"amenity":"hospital","name":"Fravyn Maternity","operator":"private"}},{"type":"node","id":11942350441,"lat":6.4589769,"lon":3.2959856,"tags":{"amenity":"hospital","name":"Common Sight Ltd","operator":"private"}},{"type":"node","id":11942350442,"lat":6.4577236,"lon":3.2941228,"tags":{"amenity":"hospital","name":"Makal Medical Center","operator":"private"}},{"type":"node","id":11942350443,"lat":6.4583206,"lon":3.2929346,"tags":{"amenity":"hospital","name":"Macfin Medical Clinic","operator":"private"}},{"type":"node","id":11942350444,"lat":6.4590935,"lon":3.2912824,"tags":{"amenity":"hospital","healthcare":"hospital","name":"Agboju Primary Health Care Centre","operator:type":"public"}},{"type":"node","id":11942350445,"lat":6.4581567,"lon":3.286736,"tags":{"amenity":"hospital","name":"Golden Care Hospital","operator":"private"}},{"type":"node","id":11942350446,"lat":6.4567894,"lon":3.2968748,"tags":{"amenity":"hospital","name":"Far East Maternity Center","operator":"private"}},{"type":"node","id":11942350447,"lat":6.455682,"lon":3.2927126,"tags":{"amenity":"hospital","name":"St Grace Nursing and Convascent Home","operator":"private"}},{"type":"node","id":11942350448,"lat":6.4522586,"lon":3.2916337,"tags":{"amenity":"hospital","name":"Eromon Specialist Hospital","operator":"private"}},{"type":"node","id":11942424908,"lat":6.4708521,"lon":3.2741618,"tags":{"amenity":"hospital","name":"Pathcare Laboratories","operator":"private"}},{"type":"node","id":11942424909,"lat":6.4706469,"lon":3.27408,"tags":{"amenity":"hospital","name":"Linopmedical Laboratory Services","operator":"private"}},{"type":"node","id":11942424910,"lat":6.4701285,"lon":3.2782991,"tags":{"amenity":"hospital","name":"Renue Clinic","operator":"private"}},{"type":"node","id":11942424911,"lat":6.4690358,"lon":3.2780966,"tags":{"amenity":"hospital","name":"Primecare Hospital Festac","operator":"private"}},{"type":"node","id":11942424912,"lat":6.4645584,"lon":3.2714729,"tags":{"amenity":"hospital","name":"De Marvel Hospitalsabo Crown Hospital","operator":"private"}},{"type":"node","id":11942424913,"lat":6.4694543,"lon":3.2837695,"tags":{"amenity":"hospital","name":"Festac Primary Health Centre","operator":"private"}},{"type":"node","id":11942424914,"lat":6.4681337,"lon":3.2833041,"tags":{"amenity":"hospital","name":"Golden Cross Hospital Festac","operator":"mission\/religious"}},{"type":"node","id":11942424915,"lat":6.4683802,"lon":3.2830212,"tags":{"amenity":"hospital","name":"Holy Family Catholic Church Medical Centre Festac","operator":"mission\/religious"}},{"type":"node","id":11942424916,"lat":6.4675061,"lon":3.2840994,"tags":{"amenity":"hospital","name":"The Hosanna Hospital","operator":"private"}},{"type":"node","id":11942424917,"lat":6.4632738,"lon":3.283866,"tags":{"amenity":"hospital","name":"Bethesda Family Clinic And Maternity","operator":"private"}},{"type":"node","id":11942424918,"lat":6.4626635,"lon":3.2841249,"tags":{"amenity":"hospital","name":"Firstline Hospital Festac","operator":"private"}},{"type":"node","id":11942424919,"lat":6.4568974,"lon":3.2766187,"tags":{"amenity":"hospital","name":"Elbethel Hospital","operator":"private"}},{"type":"node","id":11942424920,"lat":6.4516509,"lon":3.2821199,"tags":{"amenity":"hospital","name":"Nigerian Navy Reference Hospital","operator":"private"}},{"type":"node","id":11970671716,"lat":6.4206234,"lon":3.3325555,"tags":{"amenity":"hospital","name":"Igbologun Medical Centre","operator":"State"}},{"type":"node","id":11970671717,"lat":6.4177241,"lon":3.3286428,"tags":{"amenity":"hospital","name":"Igbologun Primary Health Center Snake Island","operator:type":"public"}},{"type":"node","id":11970682230,"lat":6.4267238,"lon":3.3465493,"tags":{"amenity":"hospital","name":"Nanti"}},{"type":"node","id":11975012213,"lat":6.4249233,"lon":3.2544288,"tags":{"amenity":"hospital","healthcare":"hospital","name":"Oriom Clinic","operator":"private"}},{"type":"node","id":11975012214,"lat":6.4213624,"lon":3.2454273,"tags":{"amenity":"hospital","name":"Outreach Medical Service","operator":"private"}},{"type":"node","id":11975012215,"lat":6.4137527,"lon":3.2523206,"tags":{"amenity":"hospital","name":"Igbologun Medical Center","operator:type":"public"}},{"type":"node","id":11975020406,"lat":6.4223233,"lon":3.2743549,"tags":{"amenity":"hospital","name":"Far East Medical Center","operator":"private"}},{"type":"node","id":11975050294,"lat":6.4266452,"lon":3.2338093,"tags":{"amenity":"hospital","name":"Irede Primary Health Centre","operator:type":"public"}},{"type":"node","id":11975057900,"lat":6.4182879,"lon":3.2002549,"tags":{"amenity":"hospital","name":"Iyagbe Maternity Centre","operator:type":"public"}},{"type":"node","id":11975079559,"lat":6.4485139,"lon":3.3206686,"tags":{"amenity":"hospital","name":"Hilton Hospital","operator":"private"}},{"type":"node","id":11975079560,"lat":6.443242,"lon":3.3307752,"tags":{"amenity":"hospital","name":"Ibafon Primary Health Center","operator:type":"public"}},{"type":"node","id":11975079561,"lat":6.4462778,"lon":3.3109456,"tags":{"amenity":"hospital","name":"St Joseph Mission Clinic","operator":"mission\/religious"}},{"type":"node","id":11975079562,"lat":6.4428902,"lon":3.3119468,"tags":{"amenity":"hospital","name":"The Point Clinic","operator":"private"}},{"type":"node","id":11975079563,"lat":6.4416056,"lon":3.3120386,"tags":{"amenity":"hospital","name":"Aminat Convalesce Home","operator":"private"}},{"type":"node","id":11975079564,"lat":6.4388124,"lon":3.3118978,"tags":{"amenity":"hospital","name":"Asheco Hospital","operator":"private"}},{"type":"node","id":11975117976,"lat":6.4467495,"lon":3.2774971,"tags":{"amenity":"hospital","name":"Grace View Medical Center","operator":"private"}},{"type":"node","id":11975117977,"lat":6.4481701,"lon":3.2798119,"tags":{"amenity":"hospital","name":"Jes 7 Jes Clinic Amuwo Housing","operator":"private"}},{"type":"node","id":11975119548,"lat":6.4557813,"lon":3.2608929,"tags":{"amenity":"hospital","name":"Kexpress Clinic","operator":"private"}},{"type":"node","id":11975119549,"lat":6.4557233,"lon":3.2619672,"tags":{"amenity":"hospital","name":"Dunamis House Medical Center","operator":"private"}},{"type":"node","id":11975119550,"lat":6.453204,"lon":3.2625472,"tags":{"amenity":"hospital","name":"Rhowil Total Care Medical Center","operator":"private"}},{"type":"node","id":11975119551,"lat":6.4542575,"lon":3.2605657,"tags":{"amenity":"hospital","name":"Life Hope Multi Medical Center","operator":"private"}},{"type":"node","id":11975119552,"lat":6.4675367,"lon":3.2420866,"tags":{"amenity":"hospital","name":"Shalom Riyyah Hospital And Maternity","operator":"private"}},{"type":"node","id":11975119553,"lat":6.46519,"lon":3.2417527,"tags":{"amenity":"hospital","name":"Norex Clinic","operator":"private"}},{"type":"node","id":11975119554,"lat":6.4531161,"lon":3.2454561,"tags":{"amenity":"hospital","name":"Agbaju Primary Health Center","operator:type":"public"}},{"type":"node","id":11975119555,"lat":6.4529548,"lon":3.2520369,"tags":{"amenity":"hospital","name":"Divine Care Neighborhood Clinic And Maternity Satellite Town","operator":"private"}},{"type":"node","id":11975119556,"lat":6.4517575,"lon":3.2562956,"tags":{"amenity":"hospital","name":"Hopeland Hospital","operator":"private"}},{"type":"node","id":11975119557,"lat":6.4509872,"lon":3.2564941,"tags":{"amenity":"hospital","name":"Outreach Specialist Hospital","operator:type":"public"}},{"type":"node","id":11975119558,"lat":6.4486838,"lon":3.256643,"tags":{"amenity":"hospital","name":"Charles Henry Specialist Hospital","operator":"private"}},{"type":"node","id":11975119559,"lat":6.44841,"lon":3.2608272,"tags":{"amenity":"hospital","name":"Irede Primary Health Center Riverine","operator:type":"public"}},{"type":"node","id":11975119560,"lat":6.4497333,"lon":3.2646802,"tags":{"amenity":"hospital","name":"Satellite Town Primary Health Care Center","operator":"private"}},{"type":"node","id":11975127997,"lat":6.4457401,"lon":3.2614616,"tags":{"amenity":"hospital","name":"Holy Family Hospital and Maternity Home","operator":"private"}},{"type":"node","id":11975127998,"lat":6.4420493,"lon":3.2663083,"tags":{"amenity":"hospital","name":"Bengoz Maternity Home","operator":"private"}},{"type":"node","id":11975127999,"lat":6.4413071,"lon":3.2650986,"tags":{"amenity":"hospital","name":"Irede Primary Health Center","operator:type":"public"}},{"type":"node","id":11975128000,"lat":6.4413204,"lon":3.2636301,"tags":{"amenity":"hospital","name":"De Uzoma Clinic","operator":"private"}},{"type":"node","id":11975128001,"lat":6.4345972,"lon":3.259295,"tags":{"amenity":"hospital","name":"Orion Clinic","operator":"private"}},{"type":"node","id":11975219713,"lat":6.4548372,"lon":3.2316582,"tags":{"amenity":"hospital","name":"Joycy Hospital Saka Adisa Street Abule Osun","operator":"private"}},{"type":"node","id":12110032961,"lat":6.5527493,"lon":3.3868421,"tags":{"amenity":"hospital","healthcare":"hospital"}},{"type":"node","id":12281555810,"lat":6.6009752,"lon":3.4207899,"tags":{"amenity":"hospital","facility_manager":"private\/individual","name":"Good shepherd Catholic church hospital","operator":"private\/individual","source:position":"gps","status":"functional","users_PLWD":"yes","users_boy":"yes","users_elderly":"yes","users_female":"yes","users_girl":"yes","users_men":"yes"}},{"type":"node","id":12281555811,"lat":6.6072503,"lon":3.4208514,"tags":{"amenity":"hospital","facility_manager":"private\/individual","name":"Barry Medical Clinic","operator":"private\/individual","source:position":"gps","status":"functional","users_PLWD":"yes","users_boy":"yes","users_elderly":"yes","users_female":"yes","users_girl":"yes","users_men":"yes"}},{"type":"node","id":12281555812,"lat":6.6055412,"lon":3.4300369,"tags":{"amenity":"hospital","facility_manager":"private\/individual","name":"Layo clinic","operator":"private\/individual","source:position":"gps","status":"functional","users_PLWD":"yes","users_boy":"yes","users_elderly":"yes","users_female":"yes","users_girl":"yes","users_men":"yes"}},{"type":"node","id":12281555813,"lat":6.6080355,"lon":3.423843,"tags":{"amenity":"hospital","facility_manager":"private\/individual","name":"dan's medical centre hospital","operator":"private\/individual","source:position":"gps","status":"functional","users_PLWD":"yes","users_boy":"yes","users_elderly":"yes","users_female":"yes","users_girl":"yes","users_men":"yes"}},{"type":"node","id":12281555814,"lat":6.6072722,"lon":3.4310909,"tags":{"amenity":"hospital","facility_manager":"local government","name":"Ajegunle Primary Health care Centre","operator":"local government","source:position":"gps","status":"functional","users_PLWD":"yes","users_boy":"yes","users_elderly":"yes","users_female":"yes","users_girl":"yes","users_men":"yes"}},{"type":"node","id":12281555815,"lat":6.6068512,"lon":3.4149575,"tags":{"amenity":"hospital","facility_manager":"private\/individual","name":"vertiarg hospital","operator":"private\/individual","source:position":"gps","status":"functional","users_PLWD":"yes","users_boy":"yes","users_elderly":"yes","users_female":"yes","users_girl":"yes","users_men":"yes"}},{"type":"node","id":12281555816,"lat":6.6064179,"lon":3.4230459,"tags":{"amenity":"hospital","facility_manager":"private\/individual","name":"calvary medical centre","operator":"private\/individual","source:position":"gps","status":"functional","users_PLWD":"yes","users_boy":"yes","users_elderly":"yes","users_female":"yes","users_girl":"yes","users_men":"yes"}},{"type":"node","id":12281555817,"lat":6.606741,"lon":3.4224352,"tags":{"amenity":"hospital","facility_manager":"private\/individual","name":"kingfield diagnostic services","operator":"private\/individual","source:position":"gps","status":"functional","users_PLWD":"no","users_boy":"yes","users_elderly":"yes","users_female":"yes","users_girl":"yes","users_men":"yes"}},{"type":"node","id":12282713900,"lat":6.5250008,"lon":3.2337858,"tags":{"amenity":"hospital","facility_use":"health care","name":"Lord's own medical center","operator":"private\/ individual","source":"survey","source:position":"gps","status":"functional","users_PLWD":"yes","users_boy":"yes","users_elderly":"yes","users_female":"yes","users_girl":"yes","users_men":"yes"}},{"type":"node","id":12282723401,"lat":6.5285637,"lon":3.2388417,"tags":{"amenity":"hospital","facility_use":"health care","name":"Babatunde Sanwo-Olu primary health care center Okerube","operator":"state government","source":"survey","source:position":"gps","status":"functional","users_PLWD":"yes","users_boy":"yes","users_elderly":"yes","users_female":"yes","users_girl":"yes","users_men":"yes"}},{"type":"node","id":12282723406,"lat":6.5204337,"lon":3.2372613,"tags":{"amenity":"hospital","facility_use":"essential healthcare facility that provides patients in need with specialised medical care, nursing care, and necessary medical supplies","name":"Temitope faith clinic and maternity house","operator":"private\/ individual","source":"survey","source:position":"gps","status":"functional","users_PLWD":"yes","users_boy":"yes","users_elderly":"yes","users_female":"yes","users_girl":"yes","users_men":"yes"}},{"type":"node","id":12282723408,"lat":6.5326196,"lon":3.2368086,"tags":{"amenity":"hospital","facility_use":"pile stroke","name":"Orthopedic hospital","operator":"private\/ individual","source":"survey","source:position":"gps","status":"functional","users_PLWD":"no","users_boy":"yes","users_elderly":"yes","users_female":"yes","users_girl":"yes","users_men":"yes"}},{"type":"node","id":12282723410,"lat":6.529012,"lon":3.2370546,"tags":{"amenity":"hospital","facility_use":"medical","name":"Better life Hospital","operator":"private\/ individual","source":"survey","source:position":"gps","status":"functional","users_PLWD":"yes","users_boy":"yes","users_elderly":"yes","users_female":"yes","users_girl":"yes","users_men":"yes"}},{"type":"way","id":392098411,"center":{"lat":6.6742164,"lon":2.7196247},"tags":{"amenity":"hospital","building":"yes","healthcare":"hospital","name":"shalom la mains de dieu"}},{"type":"way","id":394119616,"center":{"lat":6.552461,"lon":3.3869044},"tags":{"amenity":"hospital","healthcare":"hospital","name":"Gbagada General Hospital","wikidata":"Q48743188","wikipedia":"en:Gbagada General Hospital"}},{"type":"way","id":525043228,"center":{"lat":6.5314302,"lon":3.3706452},"tags":{"amenity":"hospital","healthcare":"hospital","healthcare:speciality":"orthopaedics","name":"National Orthopaedic Hospital Igbobi","short_name":"NOHIL","website":"https:\/\/www.nohlagos.gov.ng\/","wikidata":"Q23023017","wikipedia":"en:National Orthopaedic Hospital"}},{"type":"way","id":556508170,"center":{"lat":6.4458508,"lon":3.437423},"tags":{"addr:city":"Lagos","addr:housenumber":"17B","addr:street":"Bourdillon Road","amenity":"hospital","healthcare":"hospital","name":"Gold Cross Hospital - Bourdillon"}},{"type":"way","id":568367654,"center":{"lat":6.5834582,"lon":3.3571576},"tags":{"amenity":"hospital","healthcare":"hospital","name":"Reddington Hospital - Ikeja GRA"}},{"type":"way","id":594743340,"center":{"lat":6.4329787,"lon":3.4204157},"tags":{"addr:street":"Idowu Martins Street","amenity":"hospital","healthcare":"hospital","name":"Reddington Hospital"}},{"type":"way","id":595195260,"center":{"lat":6.4395153,"lon":3.4562444},"tags":{"amenity":"hospital","healthcare":"hospital","name":"Eye Foundation Hospital & Laser Centre"}},{"type":"way","id":595195261,"center":{"lat":6.4395901,"lon":3.4563223},"tags":{"amenity":"hospital","building":"yes","height":"11"}},{"type":"way","id":643481485,"center":{"lat":6.4347517,"lon":3.5054285},"tags":{"amenity":"hospital","healthcare":"hospital","name":"St. Kizito Clinic & Maternity Ward"}},{"type":"way","id":659370489,"center":{"lat":6.4428498,"lon":3.4290507},"tags":{"amenity":"hospital","healthcare":"hospital","name":"Nigerian Police Hospital - Falomo"}},{"type":"way","id":672092174,"center":{"lat":6.4474086,"lon":3.3966328},"tags":{"amenity":"hospital","healthcare":"hospital","name":"General Hospital Lagos","start_date":"1893","website":"http:\/\/www.ghlagos.org.ng","wikidata":"Q19874986","wikipedia":"en:Lagos Island General Hospital"}},{"type":"way","id":704991085,"center":{"lat":6.5895386,"lon":3.3422014},"tags":{"amenity":"hospital","healthcare":"hospital","name":"Lagos State University Teaching Hospital","short_name":"LASUTH","wikidata":"Q28449098","wikipedia":"en:Lagos State University Teaching Hospital"}},{"type":"way","id":705800031,"center":{"lat":6.5614643,"lon":3.2519734},"tags":{"amenity":"hospital","healthcare":"hospital","healthcare:speciality":"general","name":"Alimosho General Hospital Igando"}},{"type":"way","id":705859954,"center":{"lat":6.4446953,"lon":3.4054336},"tags":{"amenity":"hospital","healthcare":"hospital","name":"Onikan Health Centre"}},{"type":"way","id":705874362,"center":{"lat":6.4492553,"lon":3.3976597},"tags":{"amenity":"hospital","healthcare":"hospital","name":"St Nicholas Hospital","wikidata":"Q18392690","wikipedia":"en:St. Nicholas Hospital, Lagos"}},{"type":"way","id":705874363,"center":{"lat":6.4486491,"lon":3.3973883},"tags":{"amenity":"hospital","healthcare":"hospital","name":"Lagos Island Maternity Hospital"}},{"type":"way","id":707003778,"center":{"lat":6.4550636,"lon":3.3922468},"tags":{"amenity":"hospital","healthcare":"hospital","name":"Massey Street Children Hospital"}},{"type":"way","id":707257732,"center":{"lat":6.4615407,"lon":3.3022453},"tags":{"amenity":"hospital","healthcare":"hospital","name":"Amuwo Odofin Maternal & Childcare Centre","surface":"paved","website":"http:\/\/www.amuwomcc.org.ng\/"}},{"type":"way","id":707258933,"center":{"lat":6.4757329,"lon":3.2895368},"tags":{"amenity":"hospital","healthcare":"hospital","name":"Emel Hospital","website":"https:\/\/www.emelhospital.org"}},{"type":"way","id":707848334,"center":{"lat":6.5180383,"lon":3.3558835},"tags":{"amenity":"hospital","emergency":"yes","healthcare":"hospital","name":"Lagos University Teaching Hospital","short_name":"LUTH","website":"https:\/\/www.luth.org.ng\/","wikidata":"Q17109134","wikipedia":"en:Lagos University Teaching Hospital"}},{"type":"way","id":707941982,"center":{"lat":6.5081637,"lon":3.3575671},"tags":{"alt_name":"Surulere General Hospital","amenity":"hospital","healthcare":"hospital","name":"Randle General Hospital"}},{"type":"way","id":735122001,"center":{"lat":6.4145828,"lon":2.8972773},"tags":{"amenity":"hospital","healthcare":"hospital","name":"Badagry General Hospital"}},{"type":"way","id":742039132,"center":{"lat":6.608589,"lon":3.4998072},"tags":{"amenity":"hospital","emergency":"yes","healthcare":"hospital","healthcare:speciality":"general;gynaecology;surgery;dentist;paediatrics","name":"General Hospital Ikorodu","operator":"Lagos state Govt"}},{"type":"way","id":745483984,"center":{"lat":6.6246837,"lon":3.5496019},"tags":{"addr:street":"Ijede Road","amenity":"hospital","healthcare":"hospital","name":"St Raphael Divine Mercy Specialist Hospital"}},{"type":"way","id":746008852,"center":{"lat":6.5647446,"lon":3.5965317},"tags":{"amenity":"hospital","healthcare":"hospital","name":"General Hospital Ijede"}},{"type":"way","id":785246570,"center":{"lat":6.5094027,"lon":3.611497},"tags":{"amenity":"hospital","healthcare":"hospital","name":"Primary Health Center, Badore"}},{"type":"way","id":787161781,"center":{"lat":6.6616315,"lon":2.7244023},"tags":{"amenity":"hospital","building":"yes","healthcare":"hospital","name":"CENTRE DE SANT\u00c9 D'IFEANGI"}},{"type":"way","id":788305530,"center":{"lat":6.5271861,"lon":3.3192544},"tags":{"amenity":"hospital","name":"Isolo General Hospital"}},{"type":"way","id":795018742,"center":{"lat":6.5924628,"lon":3.5224043},"tags":{"amenity":"hospital","healthcare":"hospital","name":"Health Center"}},{"type":"way","id":795540036,"center":{"lat":6.427817,"lon":3.4151579},"tags":{"addr:city":"Lagos","addr:housenumber":"7","addr:street":"Oju Olobun Close","amenity":"hospital","healthcare":"hospital","name":"Glen Eagles Hospital"}},{"type":"way","id":795581891,"center":{"lat":6.5113657,"lon":3.3710344},"tags":{"amenity":"hospital","health_facility:type":"support_group_home","healthcare":"hospital","name":"Lagos Emergency Operations Center","operator":"eHealth Africa"}},{"type":"way","id":802983686,"center":{"lat":6.4285584,"lon":3.4642416},"tags":{"addr:city":"lagos","addr:housenumber":"18","addr:street":"Olatunji Moore Street","amenity":"hospital","level":"0,1","name":"Medison Specialist Women's Hospital","operator":"Dr L. A. Akinola"}},{"type":"way","id":803289541,"center":{"lat":6.5107918,"lon":3.3734426},"tags":{"addr:street":"Harvey Road","amenity":"hospital","healthcare":"hospital","name":"Lagos Health Center Harvey Road","opening_hours":"24\/7"}},{"type":"way","id":803294342,"center":{"lat":6.5099506,"lon":3.3731926},"tags":{"addr:street":"Murtala Mohammed Way","amenity":"hospital","healthcare":"hospital","name":"Federal Psychiatric Hospital Yaba","opening_hours":"24\/7"}},{"type":"way","id":803337410,"center":{"lat":6.464756,"lon":3.1532235},"tags":{"amenity":"hospital","healthcare":"hospital","name":"Ilogbo-Center Hospital"}},{"type":"way","id":803347476,"center":{"lat":6.5292043,"lon":3.3803186},"tags":{"amenity":"hospital","healthcare":"hospital","name":"MARANATHA MEDICAL CENTER"}},{"type":"way","id":803349307,"center":{"lat":6.4978539,"lon":3.3299951},"tags":{"amenity":"hospital","building":"hospital","name":"St. Luke\u00c3\u00a2\u00c2\u20ac\u00c2\u02dcs medical center"}},{"type":"way","id":803362520,"center":{"lat":6.4927587,"lon":3.387415},"tags":{"amenity":"hospital","name":"Ayeitoro PHC"}},{"type":"way","id":803364243,"center":{"lat":6.4841274,"lon":3.3806661},"tags":{"amenity":"hospital","building":"hospital","healthcare":"hospital","name":"Federal Medical Centre"}},{"type":"way","id":888425357,"center":{"lat":6.4474224,"lon":3.3370055},"tags":{"amenity":"hospital","building":"yes","name":"Abbey Medical Centre","source":"Google Street view"}},{"type":"way","id":1272911129,"center":{"lat":6.4284248,"lon":3.4642786},"tags":{"addr:city":"lagos","addr:housenumber":"18","addr:street":"Olatunji Moore Street","amenity":"hospital","level":"0,1","name":"Medison Specialist Women's Hospital","operator":"Dr L. A. Akinola"}}]}}