{
  "info": {
    "name": "Alavia AI API",
    "schema": "https://schema.getpostman.com/json/collection/v2.1.0/collection.json"
  },
  "item": [
    {
      "name": "Auth - Register",
      "request": {
        "method": "POST",
        "header": [],
        "url": {
          "raw": "{{baseUrl}}/api/auth/register",
          "host": ["{{baseUrl}}"],
          "path": ["api", "auth", "register"]
        }
      }
    },
    {
      "name": "Auth - Login",
      "request": {
        "method": "POST",
        "header": [],
        "url": {
          "raw": "{{baseUrl}}/api/auth/login",
          "host": ["{{baseUrl}}"],
          "path": ["api", "auth", "login"]
        }
      }
    },
    {
      "name": "Auth - Logout",
      "request": {
        "method": "POST",
        "header": [
          { "key": "Authorization", "value": "Bearer {{token}}" }
        ],
        "url": {
          "raw": "{{baseUrl}}/api/auth/logout",
          "host": ["{{baseUrl}}"],
          "path": ["api", "auth", "logout"]
        }
      }
    },
    {
      "name": "User - Profile",
      "request": {
        "method": "GET",
        "header": [
          { "key": "Authorization", "value": "Bearer {{token}}" }
        ],
        "url": {
          "raw": "{{baseUrl}}/api/user/profile",
          "host": ["{{baseUrl}}"],
          "path": ["api", "user", "profile"]
        }
      }
    },
    {
      "name": "Hospitals - List",
      "request": {
        "method": "GET",
        "url": {
          "raw": "{{baseUrl}}/api/hospitals",
          "host": ["{{baseUrl}}"],
          "path": ["api", "hospitals"]
        }
      }
    },
    {
      "name": "Hospitals - Show",
      "request": {
        "method": "GET",
        "url": {
          "raw": "{{baseUrl}}/api/hospitals/1",
          "host": ["{{baseUrl}}"],
          "path": ["api", "hospitals", "1"]
        }
      }
    },
    {
      "name": "Consultations - Start",
      "request": {
        "method": "POST",
        "header": [
          { "key": "Authorization", "value": "Bearer {{token}}" }
        ],
        "url": {
          "raw": "{{baseUrl}}/api/consultations/start",
          "host": ["{{baseUrl}}"],
          "path": ["api", "consultations", "start"]
        }
      }
    },
    {
      "name": "Speech - STT",
      "request": {
        "method": "POST",
        "url": {
          "raw": "{{baseUrl}}/api/speech/stt",
          "host": ["{{baseUrl}}"],
          "path": ["api", "speech", "stt"]
        }
      }
    },
    {
      "name": "Speech - TTS",
      "request": {
        "method": "POST",
        "url": {
          "raw": "{{baseUrl}}/api/speech/tts",
          "host": ["{{baseUrl}}"],
          "path": ["api", "speech", "tts"]
        }
      }
    },
    {
      "name": "Admin - Login",
      "request": {
        "method": "POST",
        "url": {
          "raw": "{{baseUrl}}/api/admin/login",
          "host": ["{{baseUrl}}"],
          "path": ["api", "admin", "login"]
        }
      }
    },
    {
      "name": "Admin - Hospitals",
      "request": {
        "method": "GET",
        "header": [
          { "key": "Authorization", "value": "Bearer {{adminToken}}" }
        ],
        "url": {
          "raw": "{{baseUrl}}/api/admin/hospitals",
          "host": ["{{baseUrl}}"],
          "path": ["api", "admin", "hospitals"]
        }
      }
    },
    {
      "name": "Admin - Analytics",
      "request": {
        "method": "GET",
        "header": [
          { "key": "Authorization", "value": "Bearer {{adminToken}}" }
        ],
        "url": {
          "raw": "{{baseUrl}}/api/admin/analytics/overview",
          "host": ["{{baseUrl}}"],
          "path": ["api", "admin", "analytics", "overview"]
        }
      }
    }
  ],
  "variable": [
    { "key": "baseUrl", "value": "http://localhost" },
    { "key": "token", "value": "" },
    { "key": "adminToken", "value": "" }
  ]
}
